title,price,location,surface,rooms,baths,link
Appartement à vendre 71 m² à ALMAZ,830000,"Appartements dans Casablanca, Almaz",71 m²,2 chambres,1 sdb,https://www.avito.ma/fr/almaz/appartements/Appartement_%C3%A0_vendre_71_m%C2%B2_%C3%A0_ALMAZ_57442813.htm
Appartement d’exception front mer- Tamaris Premium,2000000,"Appartements dans Tamaris, Toute la ville",117 m²,2 chambres,1 sdb,https://www.avito.ma/fr/tamaris/appartements/Appartement_d_exception_front_mer__Tamaris_Premium_57728469.htm
Appartement à vendre Hivernage marrakech,14500,"Appartements dans Marrakech, Hivernage",85 m²,2 chambres,2 sdbs,https://www.avito.ma/fr/hivernage/appartements/Appartement_%C3%A0_vendre_Hivernage_marrakech_57224477.htm
Appartement à vendre 80 m² à Oujda,300000,"Appartements dans Oujda, Boustane",appartement à vendre 80 m² à oujda,2 chambres,0 sdb,https://www.avito.ma/fr/boustane/appartements/Appartement_%C3%A0_vendre_80_m%C2%B2_%C3%A0_Oujda_57049632.htm
Appartement 2 ch salon balcon Martil 45m² 4ème étage,300000,"Appartements dans Martil, Toute la ville",appartement 2 ch salon balcon martil 45m² 4ème étage,2 chambres,1 sdb,https://www.avito.ma/fr/martil/appartements/Appartement_2_ch_salon_balcon_Martil_45m%C2%B2_4%C3%A8me_%C3%A9tage_55361072.htm
Appartement à vendre 75 m² à Casablanca,,"Appartements dans Casablanca, Sidi Bernoussi",75 m²,2 chambres,2 sdbs,https://www.avito.ma/fr/sidi_bernoussi/appartements/Appartement_%C3%A0_vendre_75_m%C2%B2_%C3%A0_Casablanca_57844372.htm
Appartement 85m² à Sidi Bernoussi Casa.,740000,"Appartements dans Casablanca, Sidi Bernoussi",85 m²,3 chambres,2 sdbs,https://www.avito.ma/fr/sidi_bernoussi/appartements/Appartement_85m%C2%B2_%C3%A0_Sidi_Bernoussi_Casa__53160051.htm
Appartement 92m² 1er à Roches Noires à vendre Casa,850000,"Appartements dans Casablanca, Roches Noires",appartement 92m² 1er à roches noires à vendre casa,2 chambres,1 sdb,https://www.avito.ma/fr/roches_noires/appartements/Appartement_92m%C2%B2_1er_%C3%A0_Roches_Noires_%C3%A0_vendre_Casa_55901112.htm
CMN-SI-1877 - Appartement à vendre à Bourgogne Est,1050000,"Appartements dans Casablanca, Bourgogne",76 m²,2 chambres,1 sdb,https://www.avito.ma/fr/bourgogne/appartements/CMN_SI_1877___Appartement_%C3%A0_vendre_%C3%A0_Bourgogne_Est_57328148.htm
Appartement Tanger Balia,620000,"Appartements dans Tanger, Tanja Balia",78 m²,2 chambres,1 sdb,https://www.avito.ma/fr/tanja_balia/appartements/Appartement_Tanger_Balia_55043962.htm
Superbe appartement meublé à vendre en centre-ville,,"Appartements dans Tanger, Centre",58 m²,2 chambres,2 sdbs,https://www.avito.ma/fr/centre/appartements/Superbe_appartement_meubl%C3%A9_%C3%A0_vendre_en_centre_ville_57030966.htm
Appartement à vendre Centre ville à Casablanca,1300000,"Appartements dans Casablanca, Centre Ville",,3 chambres,2 sdbs,https://www.avito.ma/fr/centre_ville/appartements/Appartement_%C3%A0_vendre_Centre_ville_%C3%A0_Casablanca_56191644.htm
🏢 À VENDRE – Appartement à Val Fleuri (Casa),1650000,"Appartements dans Casablanca, Val Fleuri",128 m²,3 chambres,2 sdbs,https://www.avito.ma/fr/val_fleuri/appartements/___%C3%80_VENDRE___Appartement_%C3%A0_Val_Fleuri__Casa__57753874.htm
Appartement de standing en résidence fermée,13000,"Appartements dans Tanger, la Nouvelle Ville Ibn Battouta",59 m²,2 chambres,1 sdb,https://www.avito.ma/fr/la_nouvelle_ville_ibn_battouta/appartements/Appartement_de_standing_en_r%C3%A9sidence_ferm%C3%A9e_57844354.htm
Studio meublé à vendre 50m² à Casablanca Maarif,1100000,"Appartements dans Casablanca, Maarif",studio meublé à vendre 50m² à casablanca maarif,1 chambre,1 sdb,https://www.avito.ma/fr/maarif/appartements/Studio_meubl%C3%A9_%C3%A0_vendre_50m%C2%B2_%C3%A0_Casablanca_Maarif_56313484.htm
CMN-MA-2470 - Appartement à vendre à Les Hôpitaux,1450000,"Appartements dans Casablanca, Quartier des Hôpitaux",117 m²,3 chambres,1 sdb,https://www.avito.ma/fr/quartier_des_h%C3%B4pitaux/appartements/CMN_MA_2470___Appartement_%C3%A0_vendre_%C3%A0_Les_H%C3%B4pitaux_57340348.htm
Joli studio 51 m² Mers Sultan,900000,"Appartements dans Casablanca, Mers Sultan",51 m²,1 chambre,0 sdb,https://www.avito.ma/fr/mers_sultan/appartements/Joli_studio_51_m%C2%B2_Mers_Sultan_57807191.htm
Appartement Duplex à vendre 154 m² à Casablanca,1000000,"Appartements dans Casablanca, Hay Mohammadi",174 m²,4 chambres,2 sdbs,https://www.avito.ma/fr/hay_mohammadi/appartements/Appartement_Duplex_%C3%A0_vendre_154_m%C2%B2_%C3%A0_Casablanca_54390927.htm
Jolie Appartement à vendre 90m² à Casablanca,1100000,"Appartements dans Casablanca, Maarif",jolie appartement à vendre 90m² à casablanca,2 chambres,2 sdbs,https://www.avito.ma/fr/maarif/appartements/Jolie_Appartement_%C3%A0_vendre_90m%C2%B2_%C3%A0_Casablanca_55627072.htm
Appartement à vendre à Résidence tahra,570000,"Appartements dans Mohammedia, El Alia",82 m²,2 chambres,1 sdb,https://www.avito.ma/fr/el_alia/appartements/Appartement_%C3%A0_vendre_%C3%A0_R%C3%A9sidence_tahra_57814915.htm
Très bel appartement,12500,"Appartements dans Casablanca, 2 Mars",1401250 m²,2 chambres,1 sdb,https://www.avito.ma/fr/2_mars/appartements/Tr%C3%A8s_bel_appartement_57844345.htm
Joli appartement ensoleillé,1100000,"Appartements dans Marrakech, Guéliz",71 m²,2 chambres,2 sdbs,https://www.avito.ma/fr/gu%C3%A9liz/appartements/Joli_appartement_ensoleill%C3%A9__57523775.htm
Appartement 87 m² en vente à Ayn Amir à Fès,560000,"Appartements dans Fès, Ain Amiyer",87 m²,2 chambres,1 sdb,https://www.avito.ma/fr/ain_amiyer/appartements/Appartement_87_m%C2%B2_en_vente_%C3%A0_Ayn_Amir_%C3%A0_F%C3%A8s_57642542.htm
Magnifique Appartement à vendre 77 m² à Marrakech,1078000,"Appartements dans Marrakech, Hay Izdihar",77 m²,2 chambres,2 sdbs,https://www.avito.ma/fr/hay_izdihar/appartements/Magnifique_Appartement_%C3%A0_vendre_77_m%C2%B2_%C3%A0_Marrakech_57790009.htm
Appartements à vendre à Jardins de Tanger – 60 à 70 m²,690000,"Appartements dans Tanger, Marjane",appartements à vendre à jardins de tanger – 60 à 70 m²,2 chambres,1 sdb,https://www.avito.ma/fr/marjane/appartements/Appartements_%C3%A0_vendre_%C3%A0_Jardins_de_Tanger___60_%C3%A0_70_m%C2%B2_57546863.htm
Appartement à vendre,1700000,"Appartements dans Salé, Hay Karima",,3 chambres,3 sdbs,https://www.avito.ma/fr/hay_karima/appartements/Appartement_%C3%A0_vendre_57833871.htm
Appartement à vendre 180 m² à Kénitra,1700000,"Appartements dans Kénitra, La Ville Haute",appartement à vendre 180 m² à kénitra,4 chambres,3 sdbs,https://www.avito.ma/fr/la_ville_haute/appartements/Appartement_%C3%A0_vendre_180_m%C2%B2_%C3%A0_K%C3%A9nitra_57774945.htm
Appartement de 3 chambres à vendre près de la station El Jadida Hrarryine,750000,"Appartements dans Tanger, Aharrarine",80 m²,3 chambres,2 sdbs,https://www.avito.ma/fr/aharrarine/appartements/Appartement_de_3_chambres_%C3%A0_vendre_pr%C3%A8s_de_la_station_El_Jadida_Hrarryine_57029815.htm
Appartement 102m² à vendre Nouaceur,890000,"Appartements dans Nouaceur, Toute la ville",appartement 102m² à vendre nouaceur,2 chambres,2 sdbs,https://www.avito.ma/fr/nouaceur/appartements/Appartement_102m%C2%B2_%C3%A0_vendre_Nouaceur_55837867.htm
Bel appartement de 90 m² lotissement alliance,620000,"Appartements dans Kénitra, alliance",90 m²,2 chambres,2 sdbs,https://www.avito.ma/fr/alliance/appartements/Bel_appartement_de_90_m%C2%B2_lotissement_alliance_57398679.htm
Appartement à vendre à Mdiq,860000,"Appartements dans Mdiq, Toute la ville",155 m²,2 chambres,2 sdbs,https://www.avito.ma/fr/mdiq/appartements/Appartement_%C3%A0_vendre_%C3%A0_Mdiq_54821467.htm
Appartement à vendre 96 m² à Marrakech,1350000,"Appartements dans Marrakech, Hay Izdihar",100 m²,2 chambres,2 sdbs,https://www.avito.ma/fr/hay_izdihar/appartements/Appartement_%C3%A0_vendre_96_m%C2%B2_%C3%A0_Marrakech_57814917.htm
Appartement Lux 69m,500000,"Appartements dans Had Soualem, Toute la ville",69 m²,2 chambres,2 sdbs,https://www.avito.ma/fr/had_soualem/appartements/Appartement_Lux_69m_47242927.htm
Appartements neufs à vendre près de la nouvelle station routière,,"Appartements dans Tanger, Aharrarine",90 m²,3 chambres,2 sdbs,https://www.avito.ma/fr/aharrarine/appartements/Appartements_neufs_%C3%A0_vendre_pr%C3%A8s_de_la_nouvelle_station_routi%C3%A8re_57563507.htm
Appartement à vendre 65 m² à Marrakech,700000,"Appartements dans Marrakech, Hay Targa",65 m²,3 chambres,2 sdbs,https://www.avito.ma/fr/hay_targa/appartements/Appartement_%C3%A0_vendre_65_m%C2%B2_%C3%A0_Marrakech_57585168.htm
Appartement meublé à vendre sur la route Ain Chkef Riyad Yasmin,400000,"Appartements dans Fès, Route Ain Chkaf",84 m²,2 chambres,2 sdbs,https://www.avito.ma/fr/route_ain_chkaf/appartements/Appartement_meubl%C3%A9_%C3%A0_vendre_sur_la_route_Ain_Chkef_Riyad_Yasmin_57050912.htm
Appartement avec cour à Bouznika,710000,"Appartements dans Bouznika, Autre secteur",108 m²,2 chambres,2 sdbs,https://www.avito.ma/fr/autre_secteur/appartements/Appartement_avec_cour_%C3%A0_Bouznika_44799287.htm
Appartement à vendre,11000,"Appartements dans Casablanca, Maarif",142 m²,3 chambres,2 sdbs,https://www.avito.ma/fr/maarif/appartements/Appartement_%C3%A0_vendre_57785030.htm
Appartement à vendre 79 m² à Marrakech,1382500,"Appartements dans Marrakech, Guéliz",appartement à vendre 79 m² à marrakech,2 chambres,2 sdbs,https://www.avito.ma/fr/gu%C3%A9liz/appartements/Appartement_%C3%A0_vendre_79_m%C2%B2_%C3%A0_Marrakech_57404271.htm
Appartement à vendre 78 m² à Marrakech,,"Appartements dans Marrakech, Guéliz",78 m²,2 chambres,2 sdbs,https://www.avito.ma/fr/gu%C3%A9liz/appartements/Appartement_%C3%A0_vendre_78_m%C2%B2_%C3%A0_Marrakech_53243419.htm
Appartement à vendre 140 m² la marina Casablanca,3900000,"Appartements dans Casablanca, Marina",155 m²,2 chambres,3 sdbs,https://www.avito.ma/fr/marina/appartements/Appartement_%C3%A0_vendre_140_m%C2%B2_la_marina_Casablanca_56471980.htm
Appartement à vendre 65 m² à Marrakech,700000,"Appartements dans Marrakech, Hay Targa",65 m²,3 chambres,2 sdbs,https://www.avito.ma/fr/hay_targa/appartements/Appartement_%C3%A0_vendre_65_m%C2%B2_%C3%A0_Marrakech_57585168.htm
Appartement meublé à vendre sur la route Ain Chkef Riyad Yasmin,400000,"Appartements dans Fès, Route Ain Chkaf",84 m²,2 chambres,2 sdbs,https://www.avito.ma/fr/route_ain_chkaf/appartements/Appartement_meubl%C3%A9_%C3%A0_vendre_sur_la_route_Ain_Chkef_Riyad_Yasmin_57050912.htm
Appartement neuf à vendre à Almaz,1053000,"Appartements dans Casablanca, Almaz",,2 chambres,2 sdbs,https://www.avito.ma/fr/almaz/appartements/Appartement_neuf_%C3%A0_vendre_%C3%A0_Almaz_56084537.htm
sarout appartement 40m à bouchentouf,115000,"Appartements dans Casablanca, Al Fida",,2 chambres,1 sdb,https://www.avito.ma/fr/al_fida/appartements/sarout_appartement_40m_%C3%A0_bouchentouf_57237692.htm
👉 Appartement 64m² à vendre à Azouzia 2 chambres et salon,450000,"Appartements dans Marrakech, Azzouzia",64 m²,2 chambres,1 sdb,https://www.avito.ma/fr/azzouzia/appartements/___Appartement_64m%C2%B2_%C3%A0_vendre_%C3%A0_Azouzia_2_chambres_et_salon_57838796.htm
Appartement double façade & Garçonnière,,"Appartements dans El Jadida, Saada",170 m²,4 chambres,3 sdbs,https://www.avito.ma/fr/saada/appartements/Appartement_double_fa%C3%A7ade___Gar%C3%A7onni%C3%A8re_57376124.htm
Appartement à vendre 48 m² à Bouznika,300000,"Appartements dans Bouznika, Autre secteur",appartement à vendre 48 m² à bouznika,2 chambres,0 sdb,https://www.avito.ma/fr/autre_secteur/appartements/Appartement_%C3%A0_vendre_48_m%C2%B2_%C3%A0_Bouznika_57844312.htm
Appartement à vendre à Mghogha – Tanger,230000,"Appartements dans Tanger, Mghogha",45 m²,1 chambre,1 sdb,https://www.avito.ma/fr/mghogha/appartements/Appartement_%C3%A0_vendre_%C3%A0_Mghogha___Tanger_57745830.htm
Appartement à vendre 90 m² à Kénitra bir rami,560000,"Appartements dans Kénitra, Bir Rami",90 m²,3 chambres,1 sdb,https://www.avito.ma/fr/bir_rami/appartements/Appartement_%C3%A0_vendre_90_m%C2%B2_%C3%A0_K%C3%A9nitra_bir_rami_57770603.htm
Appartement de trois chambres À VENDRE,,"Appartements dans Mohammedia, Al Qods",95 m²,3 chambres,2 sdbs,https://www.avito.ma/fr/al_qods/appartements/Appartement_de_trois_chambres_%C3%80_VENDRE_57712377.htm
"Appart neuf 72,77,87m Sanaobar près Izdihar Charaf",936000,"Appartements dans Marrakech, Hay Izdihar",,3 chambres,0 sdb,https://www.avito.ma/fr/hay_izdihar/appartements/Appart_neuf_72_77_87m_Sanaobar_pr%C3%A8s_Izdihar_Charaf_57314465.htm
Appartement 78 m² à Vendre à Casa Sidi Maarouf,,"Appartements dans Casablanca, Sidi Maarouf",99 m²,2 chambres,2 sdbs,https://www.avito.ma/fr/sidi_maarouf/appartements/Appartement_78_m%C2%B2_%C3%A0_Vendre_%C3%A0_Casa_Sidi_Maarouf_55770708.htm
Appartements neufs de 73m2 à 91m2 Résidence LINA,11000,"Appartements dans Marrakech, Targa",113 m²,2 chambres,3 sdbs,https://www.avito.ma/fr/targa/appartements/Appartements_neufs_de_73m2_%C3%A0_91m2_R%C3%A9sidence_LINA_56292699.htm
Appartement à vendre à Malabata Hills,,"Appartements dans Tanger, Malabata",120 m²,3 chambres,2 sdbs,https://www.avito.ma/fr/malabata/appartements/Appartement_%C3%A0_vendre_%C3%A0_Malabata_Hills_57746484.htm
Studio meublé à vendre 50 m² à Casablanca,1080000,"Appartements dans Casablanca, Maarif",studio meublé à vendre 50 m² à casablanca,1 chambre,2 sdbs,https://www.avito.ma/fr/maarif/appartements/Studio_meubl%C3%A9_%C3%A0_vendre_50_m%C2%B2_%C3%A0_Casablanca_57844285.htm
Appartement à vendre quartier El Assra,880000,"Appartements dans Casablanca, Aïn Chock",93 m²,3 chambres,,https://www.avito.ma/fr/a%C3%AFn_chock/appartements/Appartement_%C3%A0_vendre_quartier_El_Assra_57844287.htm
Appartement à vendre à Ouad law,500000,"Appartements dans Tétouan, Autre secteur",,2 chambres,1 sdb,https://www.avito.ma/fr/autre_secteur/appartements/Appartement_%C3%A0_vendre_%C3%A0_Ouad_law_57745638.htm
APPARTEMENT HAUT STANDING À RIVIERA,1900000,"Appartements dans Casablanca, Riviera",,2 chambres,3 sdbs,https://www.avito.ma/fr/riviera/appartements/APPARTEMENT_HAUT_STANDING_%C3%80_RIVIERA_57699025.htm
Appartement à vendre 58 m² à Marrakech,1350000,"Appartements dans Marrakech, Victor Hugo",appartement à vendre 58 m² à marrakech,1 chambre,2 sdbs,https://www.avito.ma/fr/victor_hugo/appartements/Appartement_%C3%A0_vendre_58_m%C2%B2_%C3%A0_Marrakech_57606723.htm
Appartement à vendre 170 m² à Rabat,3450000,"Appartements dans Rabat, Hay Riad",170 m²,3 chambres,2 sdbs,https://www.avito.ma/fr/hay_riad/appartements/Appartement_%C3%A0_vendre_170_m%C2%B2_%C3%A0_Rabat_57833782.htm
"À seulement 38 millions, superbe appartement de 3 chambres à Gzenaya",370000,"Appartements dans Tanger, la Nouvelle Ville Ibn Battouta",,3 chambres,2 sdbs,https://www.avito.ma/fr/la_nouvelle_ville_ibn_battouta/appartements/%C3%80_seulement_38_millions__superbe_appartement_de_3_chambres_%C3%A0_Gzenaya_57531482.htm
Appartement à vendre 113m² Les roches de benslimane,850000,"Appartements dans Benslimane, Autre secteur",appartement à vendre 113m² les roches de benslimane,3 chambres,2 sdbs,https://www.avito.ma/fr/autre_secteur/appartements/Appartement_%C3%A0_vendre_113m%C2%B2_Les_roches_de_benslimane_57043869.htm
Appartement à vendre 85 m² à Casablanca,950000,"Appartements dans Casablanca, Belvédère",appartement à vendre 85 m² à casablanca,2 chambres,1 sdb,https://www.avito.ma/fr/belv%C3%A9d%C3%A8re/appartements/Appartement_%C3%A0_vendre_85_m%C2%B2_%C3%A0_Casablanca_54418643.htm
CMN-AN-1884 - Appartement à vendre à Bourgogne,1300000,"Appartements dans Casablanca, Bourgogne",80 m²,2 chambres,1 sdb,https://www.avito.ma/fr/bourgogne/appartements/CMN_AN_1884___Appartement_%C3%A0_vendre_%C3%A0_Bourgogne_57370097.htm
CMN-SI-1879 - Appartement à vendre à Ziraoui,3480000,"Appartements dans Casablanca, Bourgogne",260 m²,3 chambres,2 sdbs,https://www.avito.ma/fr/bourgogne/appartements/CMN_SI_1879___Appartement_%C3%A0_vendre_%C3%A0_Ziraoui_57331613.htm
Appartement à vendre à Settat,200000,"Appartements dans Settat, Toute la ville",,2 chambres,1 sdb,https://www.avito.ma/fr/settat/appartements/Appartement_%C3%A0_vendre_%C3%A0_Settat_56272168.htm
2 Ou 3 Pièces Avec Piscine Au Coeur De Marrakech,870000,"Appartements dans Marrakech, Route de Casablanca",,1 chambre,1 sdb,https://www.avito.ma/fr/route_de_casablanca/appartements/2_Ou_3_Pi%C3%A8ces_Avec_Piscine_Au_Coeur_De_Marrakech_57764279.htm
Appartement 3 chambres à vendre 117 m² à Marrakech,,"Appartements dans Marrakech, Route de Safi",117 m²,3 chambres,2 sdbs,https://www.avito.ma/fr/route_de_safi/appartements/Appartement_3_chambres_%C3%A0_vendre_117_m%C2%B2_%C3%A0_Marrakech_57546872.htm
Appartement 236m² à Gauthier Consulat d'Italie,3200000,"Appartements dans Casablanca, Gauthier",272 m²,4 chambres,3 sdbs,https://www.avito.ma/fr/gauthier/appartements/Appartement_236m%C2%B2_%C3%A0_Gauthier_Consulat_d_Italie_56634956.htm
Appartement Hiba 135m avec ascenseur et garage,,"Appartements dans Tamesna, Toute la ville",,3 chambres,3 sdbs,https://www.avito.ma/fr/tamesna/appartements/Appartement_Hiba_135m_avec_ascenseur_et_garage_56519671.htm
Magnifique appartement neuf avec terrasse,1550000,"Appartements dans Casablanca, Derb Ghallef",,2 chambres,2 sdbs,https://www.avito.ma/fr/derb_ghallef/appartements/Magnifique_appartement_neuf_avec_terrasse_57815066.htm
VENTE D’UN BEL APPARTEMENT DE 117M2,1900000,"Appartements dans Casablanca, Les Princesses",117 m²,3 chambres,2 sdbs,https://www.avito.ma/fr/les_princesses/appartements/VENTE_D_UN_BEL_APPARTEMENT_DE_117M2_56886880.htm
Appartement 122m² à Belvédère à vendre à Casa.,1100000,"Appartements dans Casablanca, Belvédère",appartement 122m² à belvédère à vendre à casa.,2 chambres,2 sdbs,https://www.avito.ma/fr/belv%C3%A9d%C3%A8re/appartements/Appartement_122m%C2%B2_%C3%A0_Belv%C3%A9d%C3%A8re_%C3%A0_vendre_%C3%A0_Casa__54407975.htm
Élégant Studio à vendre 63 m² à Marrakech,1134000,"Appartements dans Marrakech, Guéliz",63 m²,1 chambre,1 sdb,https://www.avito.ma/fr/gu%C3%A9liz/appartements/%C3%89l%C3%A9gant_Studio_%C3%A0_vendre_63_m%C2%B2_%C3%A0_Marrakech_57765732.htm
Appartement à vendre 120m² H Mohammadi Casablanca,850000,"Appartements dans Casablanca, Hay Mohammadi",120 m²,2 chambres,1 sdb,https://www.avito.ma/fr/hay_mohammadi/appartements/Appartement_%C3%A0_vendre_120m%C2%B2_H_Mohammadi_Casablanca_57309014.htm
Appartement à vendre 48m² à Marrakech,,"Appartements dans Marrakech, Guéliz",48 m²,1 chambre,1 sdb,https://www.avito.ma/fr/gu%C3%A9liz/appartements/Appartement_%C3%A0_vendre_48m%C2%B2_%C3%A0_Marrakech_53715307.htm
Appartement 3 chambres à 2min de Casanearshore,780000,"Appartements dans Casablanca, Sidi Maarouf",70 m²,3 chambres,1 sdb,https://www.avito.ma/fr/sidi_maarouf/appartements/Appartement_3_chambres_%C3%A0_2min_de_Casanearshore_57828086.htm
Appartement Maamora Centre Ville Kénitra,1490000,"Appartements dans Kénitra, Maamora",,2 chambres,2 sdbs,https://www.avito.ma/fr/maamora/appartements/Appartement_Maamora_Centre_Ville_K%C3%A9nitra_57261794.htm
AU PARC grand appartement 3chambres dernier étage,1050000,"Appartements dans Mohammedia, Quartier du Parc",120 m²,3 chambres,2 sdbs,https://www.avito.ma/fr/quartier_du_parc/appartements/AU_PARC_grand_appartement_3chambres_dernier_%C3%A9tage_57707842.htm
Bel appartement... orientation sud,2150000,"Appartements dans Casablanca, Les Princesses",165 m²,3 chambres,2 sdbs,https://www.avito.ma/fr/les_princesses/appartements/Bel_appartement____orientation_sud_56943177.htm
Appartement à vendre 78 m² à Deroua,460000,"Appartements dans Deroua, Toute la ville",78 m²,2 chambres,1 sdb,https://www.avito.ma/fr/deroua/appartements/Appartement_%C3%A0_vendre_78_m%C2%B2_%C3%A0_Deroua_57721736.htm
Appartement à vendre 134 m² à Casablanca,3000000,"Appartements dans Casablanca, Racine",154 m²,3 chambres,3 sdbs,https://www.avito.ma/fr/racine/appartements/Appartement_%C3%A0_vendre_134_m%C2%B2_%C3%A0_Casablanca_57789942.htm
Appartement à vendre à Sonaba,2200000,"Appartements dans Agadir, Founty",,3 chambres,2 sdbs,https://www.avito.ma/fr/founty/appartements/Appartement_%C3%A0_vendre_%C3%A0_Sonaba_57486945.htm
Appartement Moderne à Yassmine Bouskoura,,"Appartements dans Bouskoura, Bouskoura centre",51 m²,2 chambres,2 sdbs,https://www.avito.ma/fr/bouskoura_centre/appartements/Appartement_Moderne_%C3%A0_Yassmine_Bouskoura_57606479.htm
Appartement à vendre 97 m² à Meknès,,"Appartements dans Meknès, Ville Nouvelle",102 m²,3 chambres,2 sdbs,https://www.avito.ma/fr/ville_nouvelle/appartements/Appartement_%C3%A0_vendre_97_m%C2%B2_%C3%A0_Mekn%C3%A8s_57274144.htm
Appartement à vendre 50 m² à Rabat-Agdal,1400000,"Appartements dans Rabat, Agdal",appartement à vendre 50 m² à rabat-agdal,1 chambre,2 sdbs,https://www.avito.ma/fr/agdal/appartements/Appartement_%C3%A0_vendre_50_m%C2%B2_%C3%A0_Rabat_Agdal_57838926.htm
Appartements à vendre,2432000,"Appartements dans Agadir, Haut-Founty",128 m²,3 chambres,3 sdbs,https://www.avito.ma/fr/haut_founty/appartements/Appartements_%C3%A0_vendre_57804375.htm
Appartement neuf à vendre dans le quartier Al-Azhar – Bernoussi (Casablanca),,"Appartements dans Casablanca, Autre secteur",,3 chambres,2 sdbs,https://www.avito.ma/fr/autre_secteur/appartements/Appartement_neuf_%C3%A0_vendre_dans_le_quartier_Al_Azhar___Bernoussi__Casablanca__56592050.htm
Appartement en face de la plage 72 m² à Martil.,1200000,"Appartements dans Martil, Toute la ville",72 m²,2 chambres,1 sdb,https://www.avito.ma/fr/martil/appartements/Appartement_en_face_de_la_plage_72_m%C2%B2_%C3%A0_Martil__56700135.htm
Appartement à vendre 78 m² à Marrakech,1800000,"Appartements dans Marrakech, Agdal",118 m²,2 chambres,2 sdbs,https://www.avito.ma/fr/agdal/appartements/Appartement_%C3%A0_vendre_78_m%C2%B2_%C3%A0_Marrakech_56438709.htm
Appartement à vendre 105 m² à Casablanca maarif,1450000,"Appartements dans Casablanca, Les Princesses",appartement à vendre 105 m² à casablanca maarif,2 chambres,2 sdbs,https://www.avito.ma/fr/les_princesses/appartements/Appartement_%C3%A0_vendre_105_m%C2%B2_%C3%A0_Casablanca_maarif_57532917.htm
Deux appartements à vendre derrière le complexe Al Hosni - par cession,560000,"Appartements dans Tanger, Hay Hassani",60 m²,2 chambres,1 sdb,https://www.avito.ma/fr/hay_hassani/appartements/Deux_appartements_%C3%A0_vendre_derri%C3%A8re_le_complexe_Al_Hosni___par_cession_57635187.htm
Duplex RDC 99m2 Madame Plaza près de Marjane,1100000,"Appartements dans Marrakech, Av Abdelkrim El Khattabi",,2 chambres,2 sdbs,https://www.avito.ma/fr/av_abdelkrim_el_khattabi/appartements/Duplex_RDC_99m2_Madame_Plaza_pr%C3%A8s_de_Marjane_57681378.htm
Appartement à vendre 176 m² à Tanger,3500000,"Appartements dans Tanger, Administratif",176 m²,4 chambres,2 sdbs,https://www.avito.ma/fr/administratif/appartements/Appartement_%C3%A0_vendre_176_m%C2%B2_%C3%A0_Tanger_57778075.htm
Appartement à vendre 172 m² à Casablanca,2100000,"Appartements dans Casablanca, 2 Mars",172 m²,3 chambres,3 sdbs,https://www.avito.ma/fr/2_mars/appartements/Appartement_%C3%A0_vendre_172_m%C2%B2_%C3%A0_Casablanca_57382833.htm
Appartement à vendre 60 m² à Tanger,,"Appartements dans Tanger, Marjane",60 m²,2 chambres,1 sdb,https://www.avito.ma/fr/marjane/appartements/Appartement_%C3%A0_vendre_60_m%C2%B2_%C3%A0_Tanger_57824346.htm
Charmant appartement à vendre - Résidence OUBAHA,1150000,"Appartements dans El Mansouria, Toute la ville",100 m²,3 chambres,2 sdbs,https://www.avito.ma/fr/el_mansouria/appartements/Charmant_appartement_%C3%A0_vendre___R%C3%A9sidence_OUBAHA_57256920.htm
Bonne affaire sur la corniche,850000,"Appartements dans Tanger, Centre ville",64 m²,2 chambres,1 sdb,https://www.avito.ma/fr/centre_ville/appartements/Bonne_affaire_sur_la_corniche_57817834.htm
Appartement 76m Neuf A Maarif Ex,1460000,"Appartements dans Casablanca, Maarif",76 m²,2 chambres,2 sdbs,https://www.avito.ma/fr/maarif/appartements/Appartement_76m_Neuf_A_Maarif_Ex_57712316.htm
appartement très bon emplacement,1000000,"Appartements dans Casablanca, Oulfa",75 m²,3 chambres,1 sdb,https://www.avito.ma/fr/oulfa/appartements/appartement_tr%C3%A8s_bon_emplacement_57844180.htm
Appartement à vendre 102 m² à Agadir,2750000,"Appartements dans Agadir, Founty",appartement à vendre 102 m² à agadir,2 chambres,3 sdbs,https://www.avito.ma/fr/founty/appartements/Appartement_%C3%A0_vendre_102_m%C2%B2_%C3%A0_Agadir_57094364.htm
Appartement à vendre 95 m² à Marrakech,1350000,"Appartements dans Marrakech, Route de Safi",95 m²,2 chambres,1 sdb,https://www.avito.ma/fr/route_de_safi/appartements/Appartement_%C3%A0_vendre_95_m%C2%B2_%C3%A0_Marrakech_57746811.htm
Appartement neuf et équipé de haute qualité,525000,"Appartements dans Meknès, Autre secteur",110 m²,3 chambres,1 sdb,https://www.avito.ma/fr/autre_secteur/appartements/Appartement_neuf_et_%C3%A9quip%C3%A9_de_haute_qualit%C3%A9_57780125.htm
Appartement à vendre 65 m² à Martil,480000,"Appartements dans Martil, Toute la ville",appartement à vendre 65 m² à martil,2 chambres,1 sdb,https://www.avito.ma/fr/martil/appartements/Appartement_%C3%A0_vendre_65_m%C2%B2_%C3%A0_Martil_55449361.htm
Grand Appartement Plein Centre de Kénitra 154 m²,1360000,"Appartements dans Kénitra, Centre",154 m²,3 chambres,2 sdbs,https://www.avito.ma/fr/centre/appartements/Grand_Appartement_Plein_Centre_de_K%C3%A9nitra_154_m%C2%B2_57587635.htm
Superbe appartement familial au cœur Racine,4216000,"Appartements dans Casablanca, Racine",284 m²,3 chambres,3 sdbs,https://www.avito.ma/fr/racine/appartements/Superbe_appartement_familial_au_c_ur_Racine_57790576.htm
CMN-MA-1866 - Appartement à vendre à Les princesses,1330000,"Appartements dans Casablanca, Les Princesses",106 m²,2 chambres,1 sdb,https://www.avito.ma/fr/les_princesses/appartements/CMN_MA_1866___Appartement_%C3%A0_vendre_%C3%A0_Les_princesses_55872150.htm
Appartement neuf à Sala El Jadida,1099800,"Appartements dans Salé, Sala El Jadida",94 m²,2 chambres,2 sdbs,https://www.avito.ma/fr/sala_el_jadida/appartements/Appartement_neuf_%C3%A0_Sala_El_Jadida_53271053.htm
Appartement Haut standing à vendre / piscine,1900000,"Appartements dans Marrakech, Ain Mezouar",100 m²,3 chambres,2 sdbs,https://www.avito.ma/fr/ain_mezouar/appartements/Appartement_Haut_standing_%C3%A0_vendre___piscine_57824629.htm
Bel appartement,395000,"Appartements dans Saidia, Toute la ville",76 m²,3 chambres,2 sdbs,https://www.avito.ma/fr/saidia/appartements/Bel_appartement_57263311.htm
Appartement à vendre 186 m² à Tanger,7200000,"Appartements dans Tanger, Malabata",186 m²,4 chambres,2 sdbs,https://www.avito.ma/fr/malabata/appartements/Appartement_%C3%A0_vendre_186_m%C2%B2_%C3%A0_Tanger_57325686.htm
Appartements à vendre en bord de mer,,"Appartements dans Saidia, Toute la ville",100 m²,2 chambres,2 sdbs,https://www.avito.ma/fr/saidia/appartements/Appartements_%C3%A0_vendre_en_bord_de_mer_57844095.htm
Appartement à vendre 110 m² à Bouznika,1670000,"Appartements dans Bouznika, Autre secteur",118 m²,3 chambres,2 sdbs,https://www.avito.ma/fr/autre_secteur/appartements/Appartement_%C3%A0_vendre_110_m%C2%B2_%C3%A0_Bouznika_57256859.htm
Appartements à vendre – Immeuble 3 étages,1000000,"Appartements dans Tanger, Ahlane",80 m²,3 chambres,1 sdb,https://www.avito.ma/fr/ahlane/appartements/Appartements_%C3%A0_vendre___Immeuble_3_%C3%A9tages_57442342.htm
3 chambres sans vis a vis Shems Bouznika Premium,,"Appartements dans Bouznika, Quartier Industriel",87 m²,3 chambres,1 sdb,https://www.avito.ma/fr/quartier_industriel/appartements/3_chambres_sans_vis_a_vis_Shems_Bouznika_Premium_57086258.htm
Appartement à vendre 56 m² à Marrakech,1008000,"Appartements dans Marrakech, Guéliz",appartement à vendre 56 m² à marrakech,1 chambre,1 sdb,https://www.avito.ma/fr/gu%C3%A9liz/appartements/Appartement_%C3%A0_vendre_56_m%C2%B2_%C3%A0_Marrakech_57403709.htm
Appartement à vendre 110 m² à Bouznika,1670000,"Appartements dans Bouznika, Autre secteur",118 m²,3 chambres,2 sdbs,https://www.avito.ma/fr/autre_secteur/appartements/Appartement_%C3%A0_vendre_110_m%C2%B2_%C3%A0_Bouznika_57256859.htm
Appartement à vendre titré près de la mosquée Imam Malik,700000,"Appartements dans Salé, Bab Sebta",260 m²,2 chambres,2 sdbs,https://www.avito.ma/fr/bab_sebta/appartements/Appartement_%C3%A0_vendre_titr%C3%A9_pr%C3%A8s_de_la_mosqu%C3%A9e_Imam_Malik_57844093.htm
"Studio neuf à vendre – Bourgogne, Casablanca",1270000,"Appartements dans Casablanca, Bourgogne",66 m²,1 chambre,1 sdb,https://www.avito.ma/fr/bourgogne/appartements/Studio_neuf_%C3%A0_vendre___Bourgogne__Casablanca_57765581.htm
OPPORTUNITÉ RARE À TAMRAGHT – RÉSIDENCE LA COLLINE,2340000,"Appartements dans Taghazout, Toute la ville",130 m²,1 chambre,2 sdbs,https://www.avito.ma/fr/taghazout/appartements/OPPORTUNIT%C3%89_RARE_%C3%80_TAMRAGHT___R%C3%89SIDENCE_LA_COLLINE_57844031.htm
Appartement à vendre 150 m² à Casablanca,3400000,"Appartements dans Casablanca, Oasis",163 m²,3 chambres,2 sdbs,https://www.avito.ma/fr/oasis/appartements/Appartement_%C3%A0_vendre_150_m%C2%B2_%C3%A0_Casablanca_57723071.htm
Appartement à vendre 73 m² à Tanger,629000,"Appartements dans Tanger, Autre secteur",76 m²,2 chambres,0 sdb,https://www.avito.ma/fr/autre_secteur/appartements/Appartement_%C3%A0_vendre_73_m%C2%B2_%C3%A0_Tanger_57844005.htm
Bel appartement à louer Ain Borja,3500,"Appartements dans Casablanca, Aïn Borja",72 m²,2 chambres,2 sdbs,https://www.avito.ma/fr/a%C3%AFn_borja/appartements/Bel_appartement_%C3%A0_louer_Ain_Borja_57839311.htm
CMN-AC-2017 - Appartement à vendre à Californie,1690000,"Appartements dans Casablanca, Californie",144 m²,2 chambres,2 sdbs,https://www.avito.ma/fr/californie/appartements/CMN_AC_2017___Appartement_%C3%A0_vendre_%C3%A0_Californie_57245074.htm
Appartement à vendre 96 m² à Fès,430000,"Appartements dans Fès, Route Ain Chkaf",96 m²,2 chambres,1 sdb,https://www.avito.ma/fr/route_ain_chkaf/appartements/Appartement_%C3%A0_vendre_96_m%C2%B2_%C3%A0_F%C3%A8s_57843948.htm
Studio 42m Neuf Maarif Proche BD Biranzaran,980000,"Appartements dans Casablanca, Maarif",42 m²,1 chambre,1 sdb,https://www.avito.ma/fr/maarif/appartements/Studio_42m_Neuf_Maarif_Proche_BD_Biranzaran_57785117.htm
Studio à vendre 51m² à Gauthier,1000000,"Appartements dans Casablanca, Gauthier",studio à vendre 51m² à gauthier,1 chambre,1 sdb,https://www.avito.ma/fr/gauthier/appartements/Studio_%C3%A0_vendre_51m%C2%B2_%C3%A0_Gauthier_57061039.htm
Appartement à vendre 133 m² sur 2 mars,1700000,"Appartements dans Casablanca, 2 Mars",133 m²,3 chambres,2 sdbs,https://www.avito.ma/fr/2_mars/appartements/Appartement_%C3%A0_vendre_133_m%C2%B2_sur_2_mars_57696869.htm
"Appartements finis à vendre, Jardins de Zenata, route de Rabat",,"Appartements dans Tanger, Centre",,2 chambres,1 sdb,https://www.avito.ma/fr/centre/appartements/Appartements_finis_%C3%A0_vendre__Jardins_de_Zenata__route_de_Rabat_56506069.htm
Appartement à vendre 52 m² à Marrakech,1200000,"Appartements dans Marrakech, Guéliz",52 m²,1 chambre,1 sdb,https://www.avito.ma/fr/gu%C3%A9liz/appartements/Appartement_%C3%A0_vendre_52_m%C2%B2_%C3%A0_Marrakech_56035043.htm
Appartements de luxe à Bouremana,870000,"Appartements dans Fès, Agdal",120 m²,3 chambres,,https://www.avito.ma/fr/agdal/appartements/Appartements_de_luxe_%C3%A0_Bouremana_48808599.htm
Appartement à vendre 78 m² à Tanger,1205099,"Appartements dans Tanger, Ahlane",appartement à vendre 78 m² à tanger,3 chambres,2 sdbs,https://www.avito.ma/fr/ahlane/appartements/Appartement_%C3%A0_vendre_78_m%C2%B2_%C3%A0_Tanger_57262591.htm
Appartement à vendre 77 m² à Salé Said Hajii,,"Appartements dans Salé, Said Hajji",77 m²,2 chambres,1 sdb,https://www.avito.ma/fr/said_hajji/appartements/Appartement_%C3%A0_vendre_77_m%C2%B2_%C3%A0_Sal%C3%A9_Said_Hajii_57223332.htm
Appartement à vendre à Berrechid El Qabbah,340000,"Appartements dans Berrechid, Toute la ville",70 m²,2 chambres,1 sdb,https://www.avito.ma/fr/berrechid/appartements/Appartement_%C3%A0_vendre_%C3%A0_Berrechid_El_Qabbah_57707198.htm
Appartement à vendre à Marina Golf Asilah,950000,"Appartements dans Asilah, Toute la ville",150 m²,2 chambres,1 sdb,https://www.avito.ma/fr/asilah/appartements/Appartement_%C3%A0_vendre_%C3%A0_Marina_Golf_Asilah_57769496.htm
Appartement de 95 m² de Luxe Neuf à Vendre,,"Appartements dans Tanger, Du Golf",appartement de 95 m² de luxe neuf à vendre,3 chambres,3 sdbs,https://www.avito.ma/fr/du_golf/appartements/Appartement_de_95_m%C2%B2_de_Luxe_Neuf_%C3%A0_Vendre_56767719.htm
Appartement à vendre à Oulfa,700000,"Appartements dans Casablanca, Oulfa",73 m²,2 chambres,2 sdbs,https://www.avito.ma/fr/oulfa/appartements/Appartement_%C3%A0_vendre_%C3%A0_Oulfa_57712644.htm
Appartement à vendre à Bouznika,,"Appartements dans Bouznika, Autre secteur",84 m²,3 chambres,2 sdbs,https://www.avito.ma/fr/autre_secteur/appartements/Appartement_%C3%A0_vendre_%C3%A0_Bouznika_56685321.htm
Appartement à vendre 128 m² à Bouskoura,1300000,"Appartements dans Bouskoura, Victoria",140 m²,3 chambres,2 sdbs,https://www.avito.ma/fr/victoria/appartements/Appartement_%C3%A0_vendre_128_m%C2%B2_%C3%A0_Bouskoura_57814586.htm
Offre à ne pas rater,960000,"Appartements dans Agadir, El Houda",,2 chambres,2 sdbs,https://www.avito.ma/fr/el_houda/appartements/Offre_%C3%A0_ne_pas_rater_57798454.htm
Exceptionnel avec terrasse et vue mer imprenable,1300000,"Appartements dans Essaouira, Toute la ville",94 m²,2 chambres,2 sdbs,https://www.avito.ma/fr/essaouira/appartements/Exceptionnel_avec_terrasse_et_vue_mer_imprenable_57843907.htm
Appartement à vendre 45 m² à Marrakech,880000,"Appartements dans Marrakech, Victor Hugo",appartement à vendre 45 m² à marrakech,1 chambre,1 sdb,https://www.avito.ma/fr/victor_hugo/appartements/Appartement_%C3%A0_vendre_45_m%C2%B2_%C3%A0_Marrakech_57118825.htm
Vente appartement Fal El Hanaa,630000,"Appartements dans Casablanca, Ain Sebaa",59 m²,2 chambres,1 sdb,https://www.avito.ma/fr/ain_sebaa/appartements/Vente_appartement_Fal_El_Hanaa_57111011.htm
Appartement à vendre 80 m² à Kénitra,490000,"Appartements dans Kénitra, Seyad",80 m²,2 chambres,1 sdb,https://www.avito.ma/fr/seyad/appartements/Appartement_%C3%A0_vendre_80_m%C2%B2_%C3%A0_K%C3%A9nitra_57727010.htm
Appartements à vendre 64 m² à Ben Guerir,300000,"Appartements dans Ben Guerir, Toute la ville",64 m²,3 chambres,2 sdbs,https://www.avito.ma/fr/ben_guerir/appartements/Appartements_%C3%A0_vendre_64_m%C2%B2_%C3%A0_Ben_Guerir_57735424.htm
Appartement à vendre en plein centre-ville,1550000,"Appartements dans Rabat, Hassan",88 m²,2 chambres,2 sdbs,https://www.avito.ma/fr/hassan/appartements/Appartement_%C3%A0_vendre_en_plein_centre_ville_57843882.htm
Appartement à vendre 70 m² à Kénitra,360000,"Appartements dans Kénitra, Bir Rami",70 m²,2 chambres,2 sdbs,https://www.avito.ma/fr/bir_rami/appartements/Appartement_%C3%A0_vendre_70_m%C2%B2_%C3%A0_K%C3%A9nitra_57722547.htm
CMN-SI-1881 - Appartement à vendre à Bourgogne Est,1800000,"Appartements dans Casablanca, Bourgogne",103 m²,3 chambres,2 sdbs,https://www.avito.ma/fr/bourgogne/appartements/CMN_SI_1881___Appartement_%C3%A0_vendre_%C3%A0_Bourgogne_Est_57341638.htm
Appartement à vendre 170 m² à CFC,4200000,"Appartements dans Casablanca, Casablanca Finance City",170 m²,3 chambres,3 sdbs,https://www.avito.ma/fr/casablanca_finance_city/appartements/Appartement_%C3%A0_vendre_170_m%C2%B2_%C3%A0_CFC_57775845.htm
BEN-MA-1118 - Appartement à vendre à Mansouria-B...,1200000,"Appartements dans Benslimane, Autre secteur",98 m²,2 chambres,1 sdb,https://www.avito.ma/fr/autre_secteur/appartements/BEN_MA_1118___Appartement_%C3%A0_vendre_%C3%A0_Mansouria_B____57276565.htm
Appartement à vendre 89 m² à Tanger malabata,2136000,"Appartements dans Tanger, Malabata",89 m²,2 chambres,1 sdb,https://www.avito.ma/fr/malabata/appartements/Appartement_%C3%A0_vendre_89_m%C2%B2_%C3%A0_Tanger_malabata_57316793.htm
vente appartement moyen standing oulfa,530000,"Appartements dans Casablanca, Oulfa",58 m²,2 chambres,1 sdb,https://www.avito.ma/fr/oulfa/appartements/vente_appartement_moyen_standing_oulfa_57659627.htm
Appartement à vendre 78 m² à El Mansouria,940000,"Appartements dans El Mansouria, Toute la ville",78 m²,2 chambres,2 sdbs,https://www.avito.ma/fr/el_mansouria/appartements/Appartement_%C3%A0_vendre_78_m%C2%B2_%C3%A0_El_Mansouria_57553786.htm
Appartement 2 chambres corniche investisseurs airbnb,1100000,"Appartements dans Tanger, Malabata",75 m²,2 chambres,1 sdb,https://www.avito.ma/fr/malabata/appartements/Appartement_2_chambres_corniche_investisseurs_airbnb_57831155.htm
Appartement à vendre 70 m² à Kénitra,360000,"Appartements dans Kénitra, Bir Rami",70 m²,2 chambres,2 sdbs,https://www.avito.ma/fr/bir_rami/appartements/Appartement_%C3%A0_vendre_70_m%C2%B2_%C3%A0_K%C3%A9nitra_57722547.htm
CMN-SI-1881 - Appartement à vendre à Bourgogne Est,1800000,"Appartements dans Casablanca, Bourgogne",103 m²,3 chambres,2 sdbs,https://www.avito.ma/fr/bourgogne/appartements/CMN_SI_1881___Appartement_%C3%A0_vendre_%C3%A0_Bourgogne_Est_57341638.htm
Appartement à vendre 80 m² à Kénitra,490000,"Appartements dans Kénitra, Seyad",80 m²,2 chambres,1 sdb,https://www.avito.ma/fr/seyad/appartements/Appartement_%C3%A0_vendre_80_m%C2%B2_%C3%A0_K%C3%A9nitra_57727010.htm
Appartements à vendre 64 m² à Ben Guerir,300000,"Appartements dans Ben Guerir, Toute la ville",64 m²,3 chambres,2 sdbs,https://www.avito.ma/fr/ben_guerir/appartements/Appartements_%C3%A0_vendre_64_m%C2%B2_%C3%A0_Ben_Guerir_57735424.htm
Appartement à vendre en plein centre-ville,1550000,"Appartements dans Rabat, Hassan",88 m²,2 chambres,2 sdbs,https://www.avito.ma/fr/hassan/appartements/Appartement_%C3%A0_vendre_en_plein_centre_ville_57843882.htm
Appartement triplex à vendre 128m² à HM Casablanca,850000,"Appartements dans Casablanca, Hay Mohammadi",128 m²,4 chambres,2 sdbs,https://www.avito.ma/fr/hay_mohammadi/appartements/Appartement_triplex_%C3%A0_vendre_128m%C2%B2_%C3%A0_HM_Casablanca_57029102.htm
appartement a vendre meuble,600000,"Appartements dans Marrakech, Route de Casablanca",52 m²,2 chambres,1 sdb,https://www.avito.ma/fr/route_de_casablanca/appartements/appartement_a_vendre_meuble_57699894.htm
Appartement à vendre à Salé 111m² 4ème étage,1215000,"Appartements dans Salé, Tabriquet",111 m²,2 chambres,2 sdbs,https://www.avito.ma/fr/tabriquet/appartements/Appartement_%C3%A0_vendre_%C3%A0_Sal%C3%A9_111m%C2%B2_4%C3%A8me_%C3%A9tage_53227650.htm
Appartement 126m² 4ème étg. terrasse à Maârif,1450000,"Appartements dans Casablanca, Val Fleuri",126 m²,2 chambres,2 sdbs,https://www.avito.ma/fr/val_fleuri/appartements/Appartement_126m%C2%B2_4%C3%A8me_%C3%A9tg__terrasse_%C3%A0_Ma%C3%A2rif_56872194.htm
Appartement à vendre à Meknès,,"Appartements dans Meknès, Autre secteur",97 m²,3 chambres,2 sdbs,https://www.avito.ma/fr/autre_secteur/appartements/Appartement_%C3%A0_vendre_%C3%A0_Mekn%C3%A8s_56553069.htm
Des apt neuf a vendre 85 m2 tanger,1147500,"Appartements dans Tanger, Marjane",96 m²,2 chambres,2 sdbs,https://www.avito.ma/fr/marjane/appartements/Des_apt_neuf_a_vendre_85_m2_tanger_57284651.htm
STUDIO MAGNIFIQUE À SAISIR,1350000,"Appartements dans Casablanca, Riviera",48 m²,1 chambre,1 sdb,https://www.avito.ma/fr/riviera/appartements/STUDIO_MAGNIFIQUE_%C3%80_SAISIR_56341164.htm
Appartement à vendre 94 m² sur bourgogne,1750000,"Appartements dans Casablanca, Bourgogne",94 m²,2 chambres,0 sdb,https://www.avito.ma/fr/bourgogne/appartements/Appartement_%C3%A0_vendre_94_m%C2%B2_sur_bourgogne_57729273.htm
Appartement à vendre 165 m² La perle D'Agadir,2272500,"Appartements dans Agadir, Talborjt",165 m²,4 chambres,1 sdb,https://www.avito.ma/fr/talborjt/appartements/Appartement_%C3%A0_vendre_165_m%C2%B2_La_perle_D_Agadir_56449554.htm
"Duplex avec garage privé Sidi Maarouf, Essaada",1650000,"Appartements dans Casablanca, Sidi Maarouf",159 m²,2 chambres,3 sdbs,https://www.avito.ma/fr/sidi_maarouf/appartements/Duplex_avec_garage_priv%C3%A9_Sidi_Maarouf__Essaada_57819495.htm
"Appartement à El Jadida, quartier El Milha, sur la rue",550000,"Appartements dans El Jadida, Mouilha",88 m²,2 chambres,1 sdb,https://www.avito.ma/fr/mouilha/appartements/Appartement_%C3%A0_El_Jadida__quartier_El_Milha__sur_la_rue_57335734.htm
"Bel appartement à vendre Bourgogne, My Youssef",1280000,"Appartements dans Casablanca, Bourgogne",93 m²,2 chambres,2 sdbs,https://www.avito.ma/fr/bourgogne/appartements/Bel_appartement_%C3%A0_vendre_Bourgogne__My_Youssef_57793674.htm
Appartement 82 m2 résidence Ricoflores piscine,860000,"Appartements dans Mohammedia, Centre Ville",82 m²,2 chambres,1 sdb,https://www.avito.ma/fr/centre_ville/appartements/Appartement_82_m2_r%C3%A9sidence_Ricoflores_piscine_57355316.htm
Appartement 2 chambres corniche investisseurs airbnb,1100000,"Appartements dans Tanger, Malabata",75 m²,2 chambres,1 sdb,https://www.avito.ma/fr/malabata/appartements/Appartement_2_chambres_corniche_investisseurs_airbnb_57831155.htm
CMN-HA-1848 - Appartement à vendre à Lissasfa,930000,"Appartements dans Casablanca, Lissasfa",103 m²,3 chambres,1 sdb,https://www.avito.ma/fr/lissasfa/appartements/CMN_HA_1848___Appartement_%C3%A0_vendre_%C3%A0_Lissasfa_57291337.htm
Appartement à vendre 83 m² à guéliz Marrakech,1650000,"Appartements dans Marrakech, Guéliz",80 m²,2 chambres,1 sdb,https://www.avito.ma/fr/gu%C3%A9liz/appartements/Appartement_%C3%A0_vendre_83_m%C2%B2_%C3%A0_gu%C3%A9liz_Marrakech_55798412.htm
Appartement 86m² à vendre – Al Azdihar Marrakech,1300000,"Appartements dans Marrakech, Hay Izdihar",86 m²,2 chambres,2 sdbs,https://www.avito.ma/fr/hay_izdihar/appartements/Appartement_86m%C2%B2_%C3%A0_vendre___Al_Azdihar_Marrakech_57834491.htm
Appartement Valencia Beach Mansouria,840000,"Appartements dans Mohammedia, Corniche",89 m²,2 chambres,1 sdb,https://www.avito.ma/fr/corniche/appartements/Appartement_Valencia_Beach_Mansouria_57224794.htm
Bel appart RDC SUR centre ville,650000,"Appartements dans Mohammedia, Centre Ville",80 m²,2 chambres,1 sdb,https://www.avito.ma/fr/centre_ville/appartements/Bel_appart_RDC_SUR_centre_ville_55947144.htm
Appartement meublé à vendre dans un quartier résidentiel à Tamassna,550000,"Appartements dans Tamesna, Toute la ville",61 m²,1 chambre,2 sdbs,https://www.avito.ma/fr/tamesna/appartements/Appartement_meubl%C3%A9_%C3%A0_vendre_dans_un_quartier_r%C3%A9sidentiel_%C3%A0_Tamassna_57140046.htm
🏡 Appartement rénové à vendre à Majorelle,1300000,"Appartements dans Marrakech, Majorelle",,3 chambres,1 sdb,https://www.avito.ma/fr/majorelle/appartements/___Appartement_r%C3%A9nov%C3%A9_%C3%A0_vendre_%C3%A0_Majorelle_57596889.htm
Appartement neuf 98m² à vendre à salé Tabriquet,1220000,"Appartements dans Salé, Tabriquet",appartement neuf 98m² à vendre à salé tabriquet,3 chambres,2 sdbs,https://www.avito.ma/fr/tabriquet/appartements/Appartement_neuf_98m%C2%B2_%C3%A0_vendre_%C3%A0_sal%C3%A9_Tabriquet_45814550.htm
Appartement à vendre à Cabo Negro,1400000,"Appartements dans Cabo Negro, Toute la ville",75 m²,1 chambre,1 sdb,https://www.avito.ma/fr/cabo_negro/appartements/Appartement_%C3%A0_vendre_%C3%A0_Cabo_Negro_57745510.htm
À vendre Superbe appartement 3 ch-Jnane Californie,1900000,"Appartements dans Casablanca, Californie",119 m²,3 chambres,2 sdbs,https://www.avito.ma/fr/californie/appartements/%C3%80_vendre_Superbe_appartement_3_ch_Jnane_Californie_57815555.htm
Appartement Neuf 84 m² à Guéliz Avec Piscine,1550000,"Appartements dans Marrakech, Guéliz",84 m²,2 chambres,2 sdbs,https://www.avito.ma/fr/gu%C3%A9liz/appartements/Appartement_Neuf_84_m%C2%B2_%C3%A0_Gu%C3%A9liz_Avec_Piscine_56259750.htm
Appartement à vendre 64 m² à Ben Guerir,370000,"Appartements dans Ben Guerir, Toute la ville",1 m²,3 chambres,2 sdbs,https://www.avito.ma/fr/ben_guerir/appartements/Appartement_%C3%A0_vendre_64_m%C2%B2_%C3%A0_Ben_Guerir_54952031.htm
Appartement d’architecte neuf sans vis-à-vis,1750000,"Appartements dans Casablanca, Franceville",83 m²,2 chambres,2 sdbs,https://www.avito.ma/fr/franceville/appartements/Appartement_d_architecte_neuf_sans_vis_%C3%A0_vis_57272154.htm
Appartement à vendre 116 m² à Tanger,1392000,"Appartements dans Tanger, Moulay Youssef",126 m²,3 chambres,2 sdbs,https://www.avito.ma/fr/moulay_youssef/appartements/Appartement_%C3%A0_vendre_116_m%C2%B2_%C3%A0_Tanger_57014352.htm
Studio vue piscine à vendre 51 m² à Marrakech,1150000,"Appartements dans Marrakech, Hivernage",51 m²,1 chambre,1 sdb,https://www.avito.ma/fr/hivernage/appartements/Studio_vue_piscine_%C3%A0_vendre_51_m%C2%B2_%C3%A0_Marrakech_57774591.htm
Studio exceptionnel de 60 m² au centre Guéliz,1500000,"Appartements dans Marrakech, Guéliz",60 m²,1 chambre,1 sdb,https://www.avito.ma/fr/gu%C3%A9liz/appartements/Studio_exceptionnel_de_60_m%C2%B2_au_centre_Gu%C3%A9liz_57638403.htm
Duplex luxueux à vendre 318 m² à Racine,4000000,"Appartements dans Casablanca, Racine",318 m²,4 chambres,3 sdbs,https://www.avito.ma/fr/racine/appartements/Duplex_luxueux_%C3%A0_vendre_318_m%C2%B2_%C3%A0_Racine_57639979.htm
Magnifique appartement neuf avec terrasse,1550000,"Appartements dans Casablanca, Derb Ghallef",,2 chambres,2 sdbs,https://www.avito.ma/fr/derb_ghallef/appartements/Magnifique_appartement_neuf_avec_terrasse_57815066.htm
Appartement à vendre à Harhoura,1900000,"Appartements dans Temara, Harhoura",95 m²,2 chambres,2 sdbs,https://www.avito.ma/fr/harhoura/appartements/Appartement_%C3%A0_vendre_%C3%A0_Harhoura_56546117.htm
Projets Appartements Haut Standing a Tanja Balia,,"Appartements dans Tanger, Tanja Balia",,2 chambres,1 sdb,https://www.avito.ma/fr/tanja_balia/appartements/Projets_Appartements_Haut_Standing_a_Tanja_Balia_57390744.htm
Appartement à vendre ou à louer à Salé,,"Appartements dans Salé, Hay Chmaou",50 m²,2 chambres,2 sdbs,https://www.avito.ma/fr/hay_chmaou/appartements/Appartement_%C3%A0_vendre_ou_%C3%A0_louer_%C3%A0_Sal%C3%A9_57740103.htm
Studio exceptionnel de 60 m² au centre Guéliz,1500000,"Appartements dans Marrakech, Guéliz",60 m²,1 chambre,1 sdb,https://www.avito.ma/fr/gu%C3%A9liz/appartements/Studio_exceptionnel_de_60_m%C2%B2_au_centre_Gu%C3%A9liz_57638403.htm
Studio vue piscine à vendre 51 m² à Marrakech,1150000,"Appartements dans Marrakech, Hivernage",51 m²,1 chambre,1 sdb,https://www.avito.ma/fr/hivernage/appartements/Studio_vue_piscine_%C3%A0_vendre_51_m%C2%B2_%C3%A0_Marrakech_57774591.htm
Joli appart 113m2 près de Amoud et McDonald,1300000,"Appartements dans Marrakech, Av Abdelkrim El Khattabi",113 m²,2 chambres,1 sdb,https://www.avito.ma/fr/av_abdelkrim_el_khattabi/appartements/Joli_appart_113m2_pr%C3%A8s_de_Amoud_et_McDonald_57720703.htm
Studios Neuf 36m à 38m Quartiers Des Hôpitaux,820000,"Appartements dans Casablanca, 2 Mars",36 m²,1 chambre,1 sdb,https://www.avito.ma/fr/2_mars/appartements/Studios_Neuf_36m_%C3%A0_38m_Quartiers_Des_H%C3%B4pitaux_54451973.htm
Penthouse avec piscine à vendre 320 m² à Tanger,7680000,"Appartements dans Tanger, Malabata",320 m²,2 chambres,1 sdb,https://www.avito.ma/fr/malabata/appartements/Penthouse_avec_piscine_%C3%A0_vendre_320_m%C2%B2_%C3%A0_Tanger_57316830.htm
Appartement à vendre avec piscine et parking,1442000,"Appartements dans Tanger, Tanja Balia",,2 chambres,2 sdbs,https://www.avito.ma/fr/tanja_balia/appartements/Appartement_%C3%A0_vendre_avec_piscine_et_parking_55906870.htm
Appartement 195m² à vendre à Californie Bachkou,2550000,"Appartements dans Casablanca, Californie",195 m²,3 chambres,2 sdbs,https://www.avito.ma/fr/californie/appartements/Appartement_195m%C2%B2_%C3%A0_vendre_%C3%A0_Californie_Bachkou_56762095.htm
Appartement à vendre 94 m² à Temara Wifak,1250000,"Appartements dans Temara, Oued Eddahab",94 m²,3 chambres,1 sdb,https://www.avito.ma/fr/oued_eddahab/appartements/Appartement_%C3%A0_vendre_94_m%C2%B2_%C3%A0_Temara_Wifak_57774654.htm
Appartement à vendre 62 m² à Ksar el-Kebir,350000,"Appartements dans Ksar el-Kebir, Toute la ville",62 m²,2 chambres,2 sdbs,https://www.avito.ma/fr/ksar_el_kebir/appartements/Appartement_%C3%A0_vendre_62_m%C2%B2_%C3%A0_Ksar_el_Kebir_57838539.htm
Appartement à vendre 130 m² à Tanger,2650000,"Appartements dans Tanger, Malabata",appartement à vendre 130 m² à tanger,3 chambres,2 sdbs,https://www.avito.ma/fr/malabata/appartements/Appartement_%C3%A0_vendre_130_m%C2%B2_%C3%A0_Tanger_57320669.htm
Appartement chouka à Kénitra,610000,"Appartements dans Kénitra, Ouled Oujih",80 m²,2 chambres,2 sdbs,https://www.avito.ma/fr/ouled_oujih/appartements/Appartement_chouka_%C3%A0_K%C3%A9nitra_57737886.htm
Appartement à vendre 82 m² à Kénitra,390000,"Appartements dans Kénitra, Bir Rami",82 m²,2 chambres,2 sdbs,https://www.avito.ma/fr/bir_rami/appartements/Appartement_%C3%A0_vendre_82_m%C2%B2_%C3%A0_K%C3%A9nitra_57694418.htm
"Appartement à vendre Saada, près de Marjane, route de Casa, en sous-sol",440000,"Appartements dans Marrakech, Es Saada",60 m²,2 chambres,1 sdb,https://www.avito.ma/fr/es_saada/appartements/Appartement_%C3%A0_vendre_Saada__pr%C3%A8s_de_Marjane__route_de_Casa__en_sous_sol_57202899.htm
Appartement à vendre 43 m² à bourgogne,1300000,"Appartements dans Casablanca, Bourgogne",43 m²,1 chambre,1 sdb,https://www.avito.ma/fr/bourgogne/appartements/Appartement_%C3%A0_vendre_43_m%C2%B2_%C3%A0_bourgogne_57526960.htm
🏡 Appartement à vendre,1900000,"Appartements dans Marrakech, Guéliz",,2 chambres,2 sdbs,https://www.avito.ma/fr/gu%C3%A9liz/appartements/___Appartement_%C3%A0_vendre_57274849.htm
Appartement à vendre 97 m² à Marrakech,2330000,"Appartements dans Marrakech, Guéliz",97 m²,2 chambres,1 sdb,https://www.avito.ma/fr/gu%C3%A9liz/appartements/Appartement_%C3%A0_vendre_97_m%C2%B2_%C3%A0_Marrakech_57658733.htm
Appartement à vendre 118 m² à Tanger,1750000,"Appartements dans Tanger, Centre ville",appartement à vendre 118 m² à tanger,2 chambres,2 sdbs,https://www.avito.ma/fr/centre_ville/appartements/Appartement_%C3%A0_vendre_118_m%C2%B2_%C3%A0_Tanger_57323592.htm
Appartement meublé à vendre Hay Azdihar,560000,"Appartements dans Marrakech, Hay Izdihar",60 m²,2 chambres,1 sdb,https://www.avito.ma/fr/hay_izdihar/appartements/Appartement_meubl%C3%A9_%C3%A0_vendre_Hay_Azdihar_57758375.htm
Appartement à vendre 75 m² à Kénitra,390000,"Appartements dans Kénitra, Bir Rami",75 m²,2 chambres,2 sdbs,https://www.avito.ma/fr/bir_rami/appartements/Appartement_%C3%A0_vendre_75_m%C2%B2_%C3%A0_K%C3%A9nitra_57694379.htm
Appartement de 100 m² à Kénitra le vallon,850000,"Appartements dans Kénitra, Autre secteur",100 m²,3 chambres,2 sdbs,https://www.avito.ma/fr/autre_secteur/appartements/Appartement_de_100_m%C2%B2_%C3%A0_K%C3%A9nitra_le_vallon_57259093.htm
appartement quartier oulfa,1300000,"Appartements dans Casablanca, Oulfa",144 m²,2 chambres,1 sdb,https://www.avito.ma/fr/oulfa/appartements/appartement_quartier_oulfa_57522572.htm
Studio 43m Haut de Gamme Proche Tram,1000000,"Appartements dans Casablanca, 2 Mars",43 m²,1 chambre,1 sdb,https://www.avito.ma/fr/2_mars/appartements/Studio_43m_Haut_de_Gamme_Proche_Tram_57721374.htm
Appartement neuf et moderne sur la corniche,1700000,"Appartements dans Tanger, Malabata",100 m²,2 chambres,2 sdbs,https://www.avito.ma/fr/malabata/appartements/Appartement_neuf_et_moderne_sur_la_corniche_57703995.htm
Beau Studio Avec Grande Terrasse Guéliz,1650000,"Appartements dans Marrakech, Guéliz",,1 chambre,0 sdb,https://www.avito.ma/fr/gu%C3%A9liz/appartements/Beau_Studio_Avec_Grande_Terrasse_Gu%C3%A9liz_57771784.htm
Appartement Neuf À Vendre En Plein Cœur De Guéliz,1200000,"Appartements dans Marrakech, Guéliz",,1 chambre,1 sdb,https://www.avito.ma/fr/gu%C3%A9liz/appartements/Appartement_Neuf_%C3%80_Vendre_En_Plein_C_ur_De_Gu%C3%A9liz_57237204.htm
"Appartement à vendre près de la mer, Marina Agadir",2100000,"Appartements dans Agadir, Agadir Oufella",,2 chambres,2 sdbs,https://www.avito.ma/fr/agadir_oufella/appartements/Appartement_%C3%A0_vendre_pr%C3%A8s_de_la_mer__Marina_Agadir_57641567.htm
Appartement à vendre 92 m² Espace dubai à Inzegan,1012000,"Appartements dans Inzegan, Toute la ville",92 m²,3 chambres,1 sdb,https://www.avito.ma/fr/inzegan/appartements/Appartement_%C3%A0_vendre_92_m%C2%B2_Espace_dubai_%C3%A0_Inzegan_56449562.htm
Appartements modernes et intelligents de haute qualité,,"Appartements dans Tétouan, Centre ville",,3 chambres,2 sdbs,https://www.avito.ma/fr/centre_ville/appartements/Appartements_modernes_et_intelligents_de_haute_qualit%C3%A9_56072658.htm
Bel Appartement à vendre de 90 m² à Tanja Balia,1260000,"Appartements dans Tanger, Tanja Balia",bel appartement à vendre de 90 m² à tanja balia,2 chambres,2 sdbs,https://www.avito.ma/fr/tanja_balia/appartements/Bel_Appartement_%C3%A0_vendre_de_90_m%C2%B2_%C3%A0_Tanja_Balia_55775583.htm
Appartement à vendre de 120 m² à Tanja Balia,1680000,"Appartements dans Tanger, Tanja Balia",appartement à vendre de 120 m² à tanja balia,3 chambres,2 sdbs,https://www.avito.ma/fr/tanja_balia/appartements/Appartement_%C3%A0_vendre_de_120_m%C2%B2_%C3%A0_Tanja_Balia_55801320.htm
Appartement à vendre 145 m² à la marina casablanca,3900000,"Appartements dans Tanger, Autre secteur",155 m²,2 chambres,3 sdbs,https://www.avito.ma/fr/autre_secteur/appartements/Appartement_%C3%A0_vendre_145_m%C2%B2_%C3%A0_la_marina_casablanca_56472283.htm
Studio Rt Casablanca – Projet Hermes 25,760000,"Appartements dans Marrakech, Route de Casablanca",,1 chambre,1 sdb,https://www.avito.ma/fr/route_de_casablanca/appartements/Studio_Rt_Casablanca___Projet_Hermes_25_57224150.htm
Appartement à vendre à Temara Oulad Mtaa,850000,"Appartements dans Temara, Riad Oulad Mtaa",,2 chambres,2 sdbs,https://www.avito.ma/fr/riad_oulad_mtaa/appartements/Appartement_%C3%A0_vendre_%C3%A0_Temara_Oulad_Mtaa_57489000.htm
Appartement à vendre 43 m² à bourgogne,1300000,"Appartements dans Casablanca, Bourgogne",43 m²,1 chambre,1 sdb,https://www.avito.ma/fr/bourgogne/appartements/Appartement_%C3%A0_vendre_43_m%C2%B2_%C3%A0_bourgogne_57526960.htm
Appartement à vendre 199 m² à Boulevard Zerktouni,3800000,"Appartements dans Casablanca, Maarif",199 m²,3 chambres,3 sdbs,https://www.avito.ma/fr/maarif/appartements/Appartement_%C3%A0_vendre_199_m%C2%B2_%C3%A0_Boulevard_Zerktouni_57706141.htm
Appartement à vendre,,"Appartements dans Mohammedia, Quartier du Parc",143 m²,2 chambres,2 sdbs,https://www.avito.ma/fr/quartier_du_parc/appartements/Appartement_%C3%A0_vendre_57830645.htm
Studio Rt Casablanca – Projet Hermes 25,760000,"Appartements dans Marrakech, Route de Casablanca",,1 chambre,1 sdb,https://www.avito.ma/fr/route_de_casablanca/appartements/Studio_Rt_Casablanca___Projet_Hermes_25_57224150.htm
Appartement à vendre 115 m² à Temara,1690000,"Appartements dans Temara, Oued Eddahab",115 m²,3 chambres,1 sdb,https://www.avito.ma/fr/oued_eddahab/appartements/Appartement_%C3%A0_vendre_115_m%C2%B2_%C3%A0_Temara_57774592.htm
Appartement à vendre 70 m² - Hay Chrifa,900000,"Appartements dans Casablanca, Hay Chrifa",70 m²,2 chambres,1 sdb,https://www.avito.ma/fr/hay_chrifa/appartements/Appartement_%C3%A0_vendre_70_m%C2%B2___Hay_Chrifa_57736287.htm
Appartement à vendre 80 m² à Kénitra,550000,"Appartements dans Kénitra, Seyad",80 m²,2 chambres,2 sdbs,https://www.avito.ma/fr/seyad/appartements/Appartement_%C3%A0_vendre_80_m%C2%B2_%C3%A0_K%C3%A9nitra_57737998.htm
Joli Appartement à vendre 117m² Hay salam,,"Appartements dans Agadir, Hay Salam",joli appartement à vendre 117m² hay salam,3 chambres,2 sdbs,https://www.avito.ma/fr/hay_salam/appartements/Joli_Appartement_%C3%A0_vendre_117m%C2%B2_Hay_salam_57634595.htm
Duplex familial - 269 m² - Ville verte,4000000,"Appartements dans Bouskoura, Ville verte",184 m²,3 chambres,3 sdbs,https://www.avito.ma/fr/ville_verte/appartements/Duplex_familial___269_m%C2%B2___Ville_verte_57176187.htm
2 Appartements moyen standing à vendre – Benguerir,520000,"Appartements dans Ben Guerir, Toute la ville",92 m²,2 chambres,2 sdbs,https://www.avito.ma/fr/ben_guerir/appartements/2_Appartements_moyen_standing_%C3%A0_vendre___Benguerir_56548870.htm
Appartement à vendre à Fès,,"Appartements dans Fès, Route Ain Chkaf",77 m²,2 chambres,1 sdb,https://www.avito.ma/fr/route_ain_chkaf/appartements/Appartement_%C3%A0_vendre_%C3%A0_F%C3%A8s_57765514.htm
Appartement à vendre 60 m² à Casablanca,380000,"Appartements dans Casablanca, Autre secteur",60 m²,2 chambres,1 sdb,https://www.avito.ma/fr/autre_secteur/appartements/Appartement_%C3%A0_vendre_60_m%C2%B2_%C3%A0_Casablanca_57843696.htm
Appartement Calme et Paisible à Yassmine Bouskoura,,"Appartements dans Bouskoura, Bouskoura centre",51 m²,2 chambres,2 sdbs,https://www.avito.ma/fr/bouskoura_centre/appartements/Appartement_Calme_et_Paisible_%C3%A0_Yassmine_Bouskoura_57606481.htm
Appartement d’Exception au Dernier Étage,4500000,"Appartements dans Casablanca, Racine",236 m²,4 chambres,2 sdbs,https://www.avito.ma/fr/racine/appartements/Appartement_d_Exception_au_Dernier_%C3%89tage_56688438.htm
Appartement moderne à vendre,430000,"Appartements dans Marrakech, Es Saada",60 m²,2 chambres,1 sdb,https://www.avito.ma/fr/es_saada/appartements/Appartement_moderne_%C3%A0_vendre_57832197.htm
Appartements neufs à vendre à Guéliz,18000,"Appartements dans Marrakech, Guéliz",61 m²,2 chambres,1 sdb,https://www.avito.ma/fr/gu%C3%A9liz/appartements/Appartements_neufs_%C3%A0_vendre_%C3%A0_Gu%C3%A9liz_57818665.htm
Appartement à vendre 90 m² à Kénitra alliance,640000,"Appartements dans Kénitra, alliance",90 m²,2 chambres,2 sdbs,https://www.avito.ma/fr/alliance/appartements/Appartement_%C3%A0_vendre_90_m%C2%B2_%C3%A0_K%C3%A9nitra_alliance_57675448.htm
Appartement de 50m² à Vendre à Tanger,380000,"Appartements dans Tanger, Aouama Gharbia",50 m²,2 chambres,1 sdb,https://www.avito.ma/fr/aouama_gharbia/appartements/Appartement_de_50m%C2%B2_%C3%A0_Vendre_%C3%A0_Tanger_53397026.htm
Appartement à vendre 48 m² à Marrakech,1212500,"Appartements dans Marrakech, Guéliz",48 m²,1 chambre,0 sdb,https://www.avito.ma/fr/gu%C3%A9liz/appartements/Appartement_%C3%A0_vendre_48_m%C2%B2_%C3%A0_Marrakech_57656650.htm
Studio haut standing meublé à vendre – Mehdia,760000,"Appartements dans Kénitra, Autre secteur",56 m²,1 chambre,1 sdb,https://www.avito.ma/fr/autre_secteur/appartements/Studio_haut_standing_meubl%C3%A9_%C3%A0_vendre___Mehdia_57320245.htm
Appartement à vendre 64 m² à El Jadida,480000,"Appartements dans El Jadida, Jawhara",64 m²,2 chambres,1 sdb,https://www.avito.ma/fr/jawhara/appartements/Appartement_%C3%A0_vendre_64_m%C2%B2_%C3%A0_El_Jadida_57843678.htm
Appartement Neuf de 160 m² à Vendre,,"Appartements dans Tanger, Du Golf",appartement neuf de 160 m² à vendre,3 chambres,3 sdbs,https://www.avito.ma/fr/du_golf/appartements/Appartement_Neuf_de_160_m%C2%B2_%C3%A0_Vendre_56778950.htm
🏡 Appartement à vendre à Abwab Marrakech,420000,"Appartements dans Marrakech, Mabrouka",,2 chambres,1 sdb,https://www.avito.ma/fr/mabrouka/appartements/___Appartement_%C3%A0_vendre_%C3%A0_Abwab_Marrakech_57711420.htm
A vendre un appart Duplex meublé avec terrasses,4300000,"Appartements dans Casablanca, Racine",234 m²,3 chambres,3 sdbs,https://www.avito.ma/fr/racine/appartements/A_vendre_un_appart_Duplex_meubl%C3%A9_avec_terrasses_56380562.htm
Appartement à vendre 70 m² à Tanger,1200000,"Appartements dans Tanger, Hay Hassani",appartement à vendre 70 m² à tanger,2 chambres,1 sdb,https://www.avito.ma/fr/hay_hassani/appartements/Appartement_%C3%A0_vendre_70_m%C2%B2_%C3%A0_Tanger_57778111.htm
Beau Studio Meublé À Vendre À Victor Hugo,780000,"Appartements dans Marrakech, Victor Hugo",,1 chambre,1 sdb,https://www.avito.ma/fr/victor_hugo/appartements/Beau_Studio_Meubl%C3%A9_%C3%80_Vendre_%C3%80_Victor_Hugo_57713708.htm
Appartement à vendre à Berrechid,640000,"Appartements dans Berrechid, Toute la ville",120 m²,2 chambres,2 sdbs,https://www.avito.ma/fr/berrechid/appartements/Appartement_%C3%A0_vendre_%C3%A0_Berrechid_57560654.htm
Appartement 3 chambres à vendre à Val Fleuri,,"Appartements dans Tanger, Val Fleuri",,3 chambres,2 sdbs,https://www.avito.ma/fr/val_fleuri/appartements/Appartement_3_chambres_%C3%A0_vendre_%C3%A0_Val_Fleuri_57620094.htm
Appartement à vendre,1550000,"Appartements dans Casablanca, Oulfa",150 m²,3 chambres,1 sdb,https://www.avito.ma/fr/oulfa/appartements/Appartement_%C3%A0_vendre_57843663.htm
CMN-AC-1971 - Appartement à vendre à Sidi Maarouf,770000,"Appartements dans Casablanca, Sidi Maarouf",72 m²,2 chambres,1 sdb,https://www.avito.ma/fr/sidi_maarouf/appartements/CMN_AC_1971___Appartement_%C3%A0_vendre_%C3%A0_Sidi_Maarouf_57245006.htm
Appartement à vendre 120 m² à Mosquée houda,1170000,"Appartements dans Temara, Hoda",120 m²,3 chambres,2 sdbs,https://www.avito.ma/fr/hoda/appartements/Appartement_%C3%A0_vendre_120_m%C2%B2_%C3%A0_Mosqu%C3%A9e_houda_57839257.htm
Appartement à vendre 116 m² à Martil,750000,"Appartements dans Martil, Toute la ville",116 m²,2 chambres,2 sdbs,https://www.avito.ma/fr/martil/appartements/Appartement_%C3%A0_vendre_116_m%C2%B2_%C3%A0_Martil_56786562.htm
Appartement à vendre 81 m² à Mohammedia,,"Appartements dans Mohammedia, Centre Ville",81 m²,2 chambres,2 sdbs,https://www.avito.ma/fr/centre_ville/appartements/Appartement_%C3%A0_vendre_81_m%C2%B2_%C3%A0_Mohammedia_57702341.htm
Appartement à vendre 89 m² à Marrakech,1900000,"Appartements dans Marrakech, Guéliz",appartement à vendre 89 m² à marrakech,2 chambres,2 sdbs,https://www.avito.ma/fr/gu%C3%A9liz/appartements/Appartement_%C3%A0_vendre_89_m%C2%B2_%C3%A0_Marrakech_57679731.htm
Appartement à vendre 85 m² Salé-Tabriquet,1100000,"Appartements dans Salé, Tabriquet",appartement à vendre 85 m² salé-tabriquet,2 chambres,2 sdbs,https://www.avito.ma/fr/tabriquet/appartements/Appartement_%C3%A0_vendre_85_m%C2%B2_Sal%C3%A9_Tabriquet_57207938.htm
"Appartement à vendre, bien situé et bien pensés",,"Appartements dans Tanger, Autre secteur",95 m²,3 chambres,2 sdbs,https://www.avito.ma/fr/autre_secteur/appartements/Appartement_%C3%A0_vendre__bien_situ%C3%A9_et_bien_pens%C3%A9s_56519303.htm
Appartement à vendre 144 m² à 2 Mars Casablanca,1650000,"Appartements dans Casablanca, 2 Mars",144 m²,2 chambres,2 sdbs,https://www.avito.ma/fr/2_mars/appartements/Appartement_%C3%A0_vendre_144_m%C2%B2_%C3%A0_2_Mars_Casablanca_57742925.htm
À Saisir Appartement de 52 m² à Route Aouama,,"Appartements dans Tanger, Aouama Gharbia",à saisir appartement de 52 m² à route aouama,2 chambres,1 sdb,https://www.avito.ma/fr/aouama_gharbia/appartements/%C3%80_Saisir_Appartement_de_52_m%C2%B2_%C3%A0_Route_Aouama_56666831.htm
Appartement à vendre 128 m² à Bouskoura,1300000,"Appartements dans Bouskoura, Victoria",140 m²,3 chambres,2 sdbs,https://www.avito.ma/fr/victoria/appartements/Appartement_%C3%A0_vendre_128_m%C2%B2_%C3%A0_Bouskoura_57814586.htm
Appartements de 101 à 190 m² Riad Garden I,2410000,"Appartements dans Marrakech, Av Mohammed VI",appartements de 101 à 190 m² riad garden i,2 chambres,0 sdb,https://www.avito.ma/fr/av_mohammed_vi/appartements/Appartements_de_101_%C3%A0_190_m%C2%B2_Riad_Garden_I_57803026.htm
Appartement à vendre 134 m² à Casablanca,3000000,"Appartements dans Casablanca, Racine",154 m²,3 chambres,3 sdbs,https://www.avito.ma/fr/racine/appartements/Appartement_%C3%A0_vendre_134_m%C2%B2_%C3%A0_Casablanca_57789942.htm
Appartement à vendre Agdal - Rabat,3078000,"Appartements dans Temara, Wifak",170 m²,4 chambres,2 sdbs,https://www.avito.ma/fr/wifak/appartements/Appartement_%C3%A0_vendre_Agdal___Rabat_57843643.htm
Appartement à vendre 60 m² à Casablanca,740000,"Appartements dans Casablanca, Aïn Chock",appartement à vendre 60 m² à casablanca,2 chambres,1 sdb,https://www.avito.ma/fr/a%C3%AFn_chock/appartements/Appartement_%C3%A0_vendre_60_m%C2%B2_%C3%A0_Casablanca_57516006.htm
CMN-MA-2404 - Appartement à vendre à Les princesses,2400000,"Appartements dans Casablanca, Les Princesses",121 m²,3 chambres,2 sdbs,https://www.avito.ma/fr/les_princesses/appartements/CMN_MA_2404___Appartement_%C3%A0_vendre_%C3%A0_Les_princesses_57234386.htm
Appartement de 120m² à côté jardins Majorelle,2100000,"Appartements dans Marrakech, Majorelle",120 m²,2 chambres,2 sdbs,https://www.avito.ma/fr/majorelle/appartements/Appartement_de_120m%C2%B2_%C3%A0_c%C3%B4t%C3%A9_jardins_Majorelle_57843620.htm
"Appartement à vendre devant la nouvelle gare routière, sans intermédiaire",495000,"Appartements dans Tanger, Autre secteur",60 m²,2 chambres,1 sdb,https://www.avito.ma/fr/autre_secteur/appartements/Appartement_%C3%A0_vendre_devant_la_nouvelle_gare_routi%C3%A8re__sans_interm%C3%A9diaire_57308329.htm
Studio neuf à vendre 39m² à Palmier,990000,"Appartements dans Casablanca, Palmier",studio neuf à vendre 39m² à palmier,1 chambre,1 sdb,https://www.avito.ma/fr/palmier/appartements/Studio_neuf_%C3%A0_vendre_39m%C2%B2_%C3%A0_Palmier_57737628.htm
Appartement à vendre 63 m² à Al Fadle,820000,"Appartements dans Marrakech, Hay Izdihar",63 m²,1 chambre,1 sdb,https://www.avito.ma/fr/hay_izdihar/appartements/Appartement_%C3%A0_vendre_63_m%C2%B2_%C3%A0_Al_Fadle_57843601.htm
Appartement à vendre 84/92/94m² à Salé Al Jadida,1092000,"Appartements dans Salé, Sala El Jadida",84 m²,3 chambres,2 sdbs,https://www.avito.ma/fr/sala_el_jadida/appartements/Appartement_%C3%A0_vendre_84_92_94m%C2%B2_%C3%A0_Sal%C3%A9_Al_Jadida_57535043.htm
Appartement à vendre de 90 m² à Hay Hassani,850000,"Appartements dans Tanger, Hay Hassani",appartement à vendre de 90 m² à hay hassani,2 chambres,1 sdb,https://www.avito.ma/fr/hay_hassani/appartements/Appartement_%C3%A0_vendre_de_90_m%C2%B2_%C3%A0_Hay_Hassani_57013189.htm
Appartement à vendre 72 m² à SALA AL JADIDA,860000,"Appartements dans Salé, Sala El Jadida",82 m²,3 chambres,1 sdb,https://www.avito.ma/fr/sala_el_jadida/appartements/Appartement_%C3%A0_vendre_72_m%C2%B2_%C3%A0_SALA_AL_JADIDA_57843594.htm
APPARTEMENTS HAUT STANDING À VENDRE – HAMRIA,,"Appartements dans Meknès, Hamria",208 m²,3 chambres,2 sdbs,https://www.avito.ma/fr/hamria/appartements/APPARTEMENTS_HAUT_STANDING_%C3%80_VENDRE___HAMRIA_57735856.htm
Appartement de prestige à Tanger avec vue sur mer,,"Appartements dans Tanger, M'nar",,3 chambres,2 sdbs,https://www.avito.ma/fr/m_nar/appartements/Appartement_de_prestige_%C3%A0_Tanger_avec_vue_sur_mer_55815870.htm
Appartements à vendre 68 m² à Nador,,"Appartements dans Nador, Hay el matar",68 m²,2 chambres,1 sdb,https://www.avito.ma/fr/hay_el_matar/appartements/Appartements_%C3%A0_vendre_68_m%C2%B2_%C3%A0_Nador_57843574.htm
Appartement à vendre à Rahma,360000,"Appartements dans Casablanca, Aïn Chock",56 m²,2 chambres,1 sdb,https://www.avito.ma/fr/a%C3%AFn_chock/appartements/Appartement_%C3%A0_vendre_%C3%A0_Rahma_57843576.htm
Appartement à vendre,500000,"Appartements dans Salé, Hay Chmaou",70 m²,2 chambres,1 sdb,https://www.avito.ma/fr/hay_chmaou/appartements/Appartement_%C3%A0_vendre_57843571.htm
Appartement à vendre 80 m² à Ksar el-Kebir,330000,"Appartements dans Ksar el-Kebir, Toute la ville",80 m²,2 chambres,2 sdbs,https://www.avito.ma/fr/ksar_el_kebir/appartements/Appartement_%C3%A0_vendre_80_m%C2%B2_%C3%A0_Ksar_el_Kebir_57828372.htm
Appartement à vendre 114 m² à Casablanca,1350000,"Appartements dans Casablanca, 2 Mars",114 m²,2 chambres,2 sdbs,https://www.avito.ma/fr/2_mars/appartements/Appartement_%C3%A0_vendre_114_m%C2%B2_%C3%A0_Casablanca_57278196.htm
"À Vendre Appartement neuf, spacieux et moderne",,"Appartements dans Tanger, Autre secteur",126 m²,3 chambres,2 sdbs,https://www.avito.ma/fr/autre_secteur/appartements/%C3%80_Vendre_Appartement_neuf__spacieux_et_moderne_56519230.htm
Appartement Haut Standing de 95 m² à Tanja Balia,1425000,"Appartements dans Tanger, Tanja Balia",appartement haut standing de 95 m² à tanja balia,3 chambres,2 sdbs,https://www.avito.ma/fr/tanja_balia/appartements/Appartement_Haut_Standing_de_95_m%C2%B2_%C3%A0_Tanja_Balia_56603553.htm
CMN-HA-1920 - Appartement à vendre à Oulfa,1092000,"Appartements dans Casablanca, Oulfa",78 m²,2 chambres,2 sdbs,https://www.avito.ma/fr/oulfa/appartements/CMN_HA_1920___Appartement_%C3%A0_vendre_%C3%A0_Oulfa_57324742.htm
appartement vue piscine 2 chambres à CASABAY,1250000,"Appartements dans Sidi Rahal, Toute la ville",87 m²,2 chambres,2 sdbs,https://www.avito.ma/fr/sidi_rahal/appartements/appartement_vue_piscine_2_chambres_%C3%A0_CASABAY_57759302.htm
Superbe appartement de 90 m² entièrement rénové,1260000,"Appartements dans Casablanca, Nassim",90 m²,2 chambres,1 sdb,https://www.avito.ma/fr/nassim/appartements/Superbe_appartement_de_90_m%C2%B2_enti%C3%A8rement_r%C3%A9nov%C3%A9_57645554.htm
Appartement à bon prix proche de toutes commodités,100,"Appartements dans Tanger, Autre secteur",63 m²,2 chambres,1 sdb,https://www.avito.ma/fr/autre_secteur/appartements/Appartement_%C3%A0_bon_prix_proche_de_toutes_commodit%C3%A9s_57843553.htm
Magnifique Studio de 50 m² au cœur de Guéliz,1350000,"Appartements dans Marrakech, Guéliz",50 m²,1 chambre,1 sdb,https://www.avito.ma/fr/gu%C3%A9liz/appartements/Magnifique_Studio_de_50_m%C2%B2_au_c_ur_de_Gu%C3%A9liz_57634615.htm
"Appartement 140 m² à Sidi Bouzid, bien rénové",480000,"Appartements dans El Jadida, Autre secteur",140 m²,2 chambres,2 sdbs,https://www.avito.ma/fr/autre_secteur/appartements/Appartement_140_m%C2%B2_%C3%A0_Sidi_Bouzid__bien_r%C3%A9nov%C3%A9_55546850.htm
Appartement à vendre 60 m² à Marrakech,1100000,"Appartements dans Marrakech, Allal El Fassi",110 m²,2 chambres,1 sdb,https://www.avito.ma/fr/allal_el_fassi/appartements/Appartement_%C3%A0_vendre_60_m%C2%B2_%C3%A0_Marrakech_57843530.htm
175015-Vente Appt à Bouskoura Bouskoura de 80 m²,900000,Appartements dans Bouskoura,80 m²,2 chambres,2 sdbs,https://www.avito.ma/fr/bouskoura/appartements/175015_Vente_Appt_%C3%A0_Bouskoura_Bouskoura_de_80_m%C2%B2_57651971.htm
Appartement à vendre avec vue panoramique sur mer,,"Appartements dans Tanger, M'nar",,2 chambres,2 sdbs,https://www.avito.ma/fr/m_nar/appartements/Appartement_%C3%A0_vendre_avec_vue_panoramique_sur_mer_55815874.htm
Appartement à vendre de 71 m² Haut Standing,1050800,"Appartements dans Tanger, Tanja Balia",appartement à vendre de 71 m² haut standing,2 chambres,1 sdb,https://www.avito.ma/fr/tanja_balia/appartements/Appartement_%C3%A0_vendre_de_71_m%C2%B2_Haut_Standing_56603707.htm
PROJET NEUF DE HAUT STANDING PRÈS DE LA PALMERAIE,960000,"Appartements dans Marrakech, Route de Casablanca",60 m²,1 chambre,1 sdb,https://www.avito.ma/fr/route_de_casablanca/appartements/PROJET_NEUF_DE_HAUT_STANDING_PR%C3%88S_DE_LA_PALMERAIE_57507349.htm
CMN-MA-1139 - Appartement à vendre à Val Fleurie,1800000,"Appartements dans Casablanca, Val Fleuri",129 m²,2 chambres,2 sdbs,https://www.avito.ma/fr/val_fleuri/appartements/CMN_MA_1139___Appartement_%C3%A0_vendre_%C3%A0_Val_Fleurie_57319442.htm
Appartement de standing à vendre à Marrakech,1500000,"Appartements dans Marrakech, Semlalia",89 m²,2 chambres,2 sdbs,https://www.avito.ma/fr/semlalia/appartements/Appartement_de_standing_%C3%A0_vendre_%C3%A0_Marrakech_57813976.htm
Appartement à vendre 50 m² à Tanger,380000,"Appartements dans Tanger, Mghogha",50 m²,2 chambres,1 sdb,https://www.avito.ma/fr/mghogha/appartements/Appartement_%C3%A0_vendre_50_m%C2%B2_%C3%A0_Tanger_53451108.htm
Appartements Neufs de Luxe à Vendre à Tanger,3480000,"Appartements dans Tanger, Centre ville",,3 chambres,2 sdbs,https://www.avito.ma/fr/centre_ville/appartements/Appartements_Neufs_de_Luxe_%C3%A0_Vendre_%C3%A0_Tanger_57344924.htm
Vente Appartement à proximité de la gare routière,380000,"Appartements dans Tanger, Autre secteur",50 m²,2 chambres,1 sdb,https://www.avito.ma/fr/autre_secteur/appartements/Vente_Appartement_%C3%A0_proximit%C3%A9_de_la_gare_routi%C3%A8re_53297845.htm
Appartement à vendre 94 m² sur bourgogne,1750000,"Appartements dans Casablanca, Bourgogne",94 m²,2 chambres,0 sdb,https://www.avito.ma/fr/bourgogne/appartements/Appartement_%C3%A0_vendre_94_m%C2%B2_sur_bourgogne_57729273.htm
"Appartement à vendre, 2 Mars Casablanca",2400000,"Appartements dans Casablanca, 2 Mars",159 m²,3 chambres,3 sdbs,https://www.avito.ma/fr/2_mars/appartements/Appartement_%C3%A0_vendre__2_Mars_Casablanca_57807245.htm
APPART 91m 2FACES vue piscine à MARBELLA BEACH,1030000,"Appartements dans Mohammedia, Autre secteur",91 m²,2 chambres,2 sdbs,https://www.avito.ma/fr/autre_secteur/appartements/APPART_91m_2FACES_vue_piscine_%C3%A0_MARBELLA_BEACH_57747136.htm
Appartement à vendre de 118 m² à Ain El Hayani,850000,"Appartements dans Tanger, Ain El Hayani",appartement à vendre de 118 m² à ain el hayani,3 chambres,1 sdb,https://www.avito.ma/fr/ain_el_hayani/appartements/Appartement_%C3%A0_vendre_de_118_m%C2%B2_%C3%A0_Ain_El_Hayani_55311987.htm
"Appartement 151 m² à vendre – Drissia, Tanger",1950000,"Appartements dans Tanger, Drissia","appartement 151 m² à vendre – drissia, tanger",3 chambres,2 sdbs,https://www.avito.ma/fr/drissia/appartements/Appartement_151_m%C2%B2_%C3%A0_vendre___Drissia__Tanger_56956227.htm
Opportunité à Ahlane-Appartement spacieux à vendre,1200000,"Appartements dans Tanger, Ahlane",,2 chambres,2 sdbs,https://www.avito.ma/fr/ahlane/appartements/Opportunit%C3%A9_%C3%A0_Ahlane_Appartement_spacieux_%C3%A0_vendre_57557228.htm
Appartements à vendre moyen standing plus à Tanger,,"Appartements dans Tanger, Autre secteur",85 m²,2 chambres,2 sdbs,https://www.avito.ma/fr/autre_secteur/appartements/Appartements_%C3%A0_vendre_moyen_standing_plus_%C3%A0_Tanger_56519492.htm
Luxe appartement à vendre avec vue sur mer à M'nar,,"Appartements dans Tanger, M'nar",,1 chambre,1 sdb,https://www.avito.ma/fr/m_nar/appartements/Luxe_appartement_%C3%A0_vendre_avec_vue_sur_mer_%C3%A0_M_nar_55815795.htm
Appartement à vendre de 234 m² au centre ville,3200000,"Appartements dans Tanger, Centre ville",appartement à vendre de 234 m² au centre ville,3 chambres,2 sdbs,https://www.avito.ma/fr/centre_ville/appartements/Appartement_%C3%A0_vendre_de_234_m%C2%B2_au_centre_ville__55228019.htm
Appartement 84m² à vendre (fiha da3m) à Deroua,520000,"Appartements dans Deroua, Toute la ville",appartement 84m² à vendre (fiha da3m) à deroua,2 chambres,1 sdb,https://www.avito.ma/fr/deroua/appartements/Appartement_84m%C2%B2_%C3%A0_vendre__fiha_da3m__%C3%A0_Deroua_55850707.htm
Appartement à vendre 160 m² à Marrakech,,"Appartements dans Marrakech, M'Hamid",182 m²,4 chambres,2 sdbs,https://www.avito.ma/fr/m_hamid/appartements/Appartement_%C3%A0_vendre_160_m%C2%B2_%C3%A0_Marrakech_57263622.htm
Appart 78m A Mazola Proche CFC,1050000,"Appartements dans Casablanca, Oulfa",78 m²,2 chambres,2 sdbs,https://www.avito.ma/fr/oulfa/appartements/Appart_78m_A_Mazola_Proche_CFC_57742070.htm
"Résidence Wifak, deuxième étage, Ain Sebaa, Casablanca",400000,"Appartements dans Casablanca, Ain Sebaa",50 m²,2 chambres,2 sdbs,https://www.avito.ma/fr/ain_sebaa/appartements/R%C3%A9sidence_Wifak__deuxi%C3%A8me_%C3%A9tage__Ain_Sebaa__Casablanca_57843520.htm
Appartement socoma 85 m² quartier pièces,750000,"Appartements dans Marrakech, Autre secteur",85 m²,3 chambres,1 sdb,https://www.avito.ma/fr/autre_secteur/appartements/Appartement_socoma_85_m%C2%B2_quartier_pi%C3%A8ces_56266239.htm
Bel Appartement à vendre 80 m² à Oujda 700000,700000,"Appartements dans Oujda, Autre secteur",80 m²,2 chambres,1 sdb,https://www.avito.ma/fr/autre_secteur/appartements/Bel_Appartement_%C3%A0_vendre_80_m%C2%B2_%C3%A0_Oujda_700000_56652814.htm
Spacieux Appartement à vendre de 144 m² à Tanger,2016000,"Appartements dans Tanger, Tanja Balia",spacieux appartement à vendre de 144 m² à tanger,3 chambres,2 sdbs,https://www.avito.ma/fr/tanja_balia/appartements/Spacieux_Appartement_%C3%A0_vendre_de_144_m%C2%B2_%C3%A0_Tanger_55775660.htm
Appartement 3 chambres à vendre,1090000,"Appartements dans Kénitra, Mimosas",120 m²,3 chambres,2 sdbs,https://www.avito.ma/fr/mimosas/appartements/Appartement_3_chambres_%C3%A0_vendre_57667536.htm
Appartement 2ème étage Mhamid 9,400000,"Appartements dans Marrakech, M'Hamid",65 m²,2 chambres,2 sdbs,https://www.avito.ma/fr/m_hamid/appartements/Appartement_2%C3%A8me_%C3%A9tage_Mhamid_9_57248351.htm
Luxe appartement à vendre de 131 m² à Tanger,,"Appartements dans Tanger, Iberie",luxe appartement à vendre de 131 m² à tanger,3 chambres,3 sdbs,https://www.avito.ma/fr/iberie/appartements/Luxe_appartement_%C3%A0_vendre_de_131_m%C2%B2_%C3%A0_Tanger_55571380.htm
Duplex de luxe à vendre de 99m² à Tanger,,"Appartements dans Tanger, Iberie",duplex de luxe à vendre de 99m² à tanger,2 chambres,3 sdbs,https://www.avito.ma/fr/iberie/appartements/Duplex_de_luxe_%C3%A0_vendre_de_99m%C2%B2_%C3%A0_Tanger_55571497.htm
Nouveaux appartement à vendre de 50 m² à Tanger,380000,"Appartements dans Tanger, Aouama Gharbia",50 m²,2 chambres,1 sdb,https://www.avito.ma/fr/aouama_gharbia/appartements/Nouveaux_appartement_%C3%A0_vendre_de_50_m%C2%B2_%C3%A0_Tanger_53330018.htm
À vendre un bel appartement,950000,"Appartements dans Casablanca, Belvédère",105 m²,2 chambres,2 sdbs,https://www.avito.ma/fr/belv%C3%A9d%C3%A8re/appartements/%C3%80_vendre_un_bel_appartement_56460277.htm
Nouveau Projet à Gzenaya 71 m² à Tanger,,"Appartements dans Tanger, Autre secteur",nouveau projet à gzenaya 71 m² à tanger,2 chambres,1 sdb,https://www.avito.ma/fr/autre_secteur/appartements/Nouveau_Projet_%C3%A0_Gzenaya_71_m%C2%B2_%C3%A0_Tanger_56245884.htm
Studio Neuf Au Cœur De Guéliz,989000,"Appartements dans Marrakech, Guéliz",,1 chambre,,https://www.avito.ma/fr/gu%C3%A9liz/appartements/Studio_Neuf_Au_C_ur_De_Gu%C3%A9liz_57766011.htm
28. Confort et Qualité Ain Sebaa,950000,"Appartements dans Casablanca, Ain Sebaa",78 m²,2 chambres,2 sdbs,https://www.avito.ma/fr/ain_sebaa/appartements/28__Confort_et_Qualit%C3%A9_Ain_Sebaa_57120970.htm
Appartement à Vendre 75 m² Casablanca Sidi Maarouf,,"Appartements dans Casablanca, Sidi Maarouf",110 m²,2 chambres,2 sdbs,https://www.avito.ma/fr/sidi_maarouf/appartements/Appartement_%C3%A0_Vendre_75_m%C2%B2_Casablanca_Sidi_Maarouf_55770730.htm
Appartement R plus deux,375000,"Appartements dans El Jadida, Hay Al Amal",67 m²,2 chambres,1 sdb,https://www.avito.ma/fr/hay_al_amal/appartements/Appartement_R_plus_deux_57843516.htm
NOUVEAU PROJET Appartement HAUT STANDING,19000,"Appartements dans Agadir, Haut-Founty",,2 chambres,1 sdb,https://www.avito.ma/fr/haut_founty/appartements/NOUVEAU_PROJET_Appartement_HAUT_STANDING_57843515.htm
Appartement à vendre 75 m² à Marrakech,720000,"Appartements dans Marrakech, Autre secteur",75 m²,2 chambres,1 sdb,https://www.avito.ma/fr/autre_secteur/appartements/Appartement_%C3%A0_vendre_75_m%C2%B2_%C3%A0_Marrakech_55643174.htm
Appartement à Assilah,450000,"Appartements dans Asilah, Toute la ville",,2 chambres,2 sdbs,https://www.avito.ma/fr/asilah/appartements/Appartement_%C3%A0_Assilah_51739569.htm
43. Opportunité Logement Ain Sebaa,950000,"Appartements dans Casablanca, Ain Sebaa",78 m²,2 chambres,2 sdbs,https://www.avito.ma/fr/ain_sebaa/appartements/43__Opportunit%C3%A9_Logement_Ain_Sebaa_57121468.htm
Appartement à vendre 56 m² à Marrakech,1400000,"Appartements dans Marrakech, Guéliz",appartement à vendre 56 m² à marrakech,1 chambre,1 sdb,https://www.avito.ma/fr/gu%C3%A9liz/appartements/Appartement_%C3%A0_vendre_56_m%C2%B2_%C3%A0_Marrakech_57462903.htm
Appartement à vendre 60 m² 1balcon,470000,"Appartements dans Marrakech, Autre secteur",60 m²,2 chambres,1 sdb,https://www.avito.ma/fr/autre_secteur/appartements/Appartement_%C3%A0_vendre_60_m%C2%B2_1balcon_56240441.htm
Appartement neuf 70m,560000,"Appartements dans Marrakech, Autre secteur",70 m²,3 chambres,1 sdb,https://www.avito.ma/fr/autre_secteur/appartements/Appartement_neuf_70m_56211723.htm
Appartement à vendre de 88m² à Mesnana Tanger,850000,"Appartements dans Tanger, Mesnana",appartement à vendre de 88m² à mesnana tanger,2 chambres,2 sdbs,https://www.avito.ma/fr/mesnana/appartements/Appartement_%C3%A0_vendre_de_88m%C2%B2_%C3%A0_Mesnana_Tanger_56284282.htm
Très jolie appartement 88 mètres à Sala al Jadida,1200000,"Appartements dans Salé, Sala El Jadida",88 m²,3 chambres,2 sdbs,https://www.avito.ma/fr/sala_el_jadida/appartements/Tr%C3%A8s_jolie_appartement_88_m%C3%A8tres_%C3%A0_Sala_al_Jadida_57416683.htm
Joli appartement à vendre Abwab Marrakech,310000,"Appartements dans Marrakech, Les Portes de Marrakech",57 m²,2 chambres,1 sdb,https://www.avito.ma/fr/les_portes_de_marrakech/appartements/Joli_appartement_%C3%A0_vendre_Abwab_Marrakech_57634279.htm
Un Projet Unique Dans Le Quartier Semlalia,740000,"Appartements dans Marrakech, Semlalia",,1 chambre,1 sdb,https://www.avito.ma/fr/semlalia/appartements/Un_Projet_Unique_Dans_Le_Quartier_Semlalia_57030483.htm
Magnifique Appartement à vendre 77 m² à Marrakech,1078000,"Appartements dans Marrakech, Hay Izdihar",77 m²,2 chambres,2 sdbs,https://www.avito.ma/fr/hay_izdihar/appartements/Magnifique_Appartement_%C3%A0_vendre_77_m%C2%B2_%C3%A0_Marrakech_57790009.htm
Appartement à vendre 99 m² à Casablanca,12500,"Appartements dans Casablanca, Aïn Chock",99 m²,2 chambres,2 sdbs,https://www.avito.ma/fr/a%C3%AFn_chock/appartements/Appartement_%C3%A0_vendre_99_m%C2%B2_%C3%A0_Casablanca_57782028.htm
Appartement en vent 51m² à Gueliz-Piscine Rooftop,1267000,"Appartements dans Marrakech, Guéliz",51 m²,1 chambre,1 sdb,https://www.avito.ma/fr/gu%C3%A9liz/appartements/Appartement_en_vent_51m%C2%B2_%C3%A0_Gueliz_Piscine_Rooftop_57658657.htm
Un Projet Unique Dans Le Quartier Semlalia,740000,"Appartements dans Marrakech, Semlalia",,1 chambre,1 sdb,https://www.avito.ma/fr/semlalia/appartements/Un_Projet_Unique_Dans_Le_Quartier_Semlalia_57030483.htm
Appartement à vendre 126 m² Tafraoute à Marrakech,2583000,"Appartements dans Marrakech, Hivernage",126 m²,3 chambres,1 sdb,https://www.avito.ma/fr/hivernage/appartements/Appartement_%C3%A0_vendre_126_m%C2%B2_Tafraoute_%C3%A0_Marrakech_57551501.htm
Appartement à Assilah,450000,"Appartements dans Asilah, Toute la ville",,2 chambres,2 sdbs,https://www.avito.ma/fr/asilah/appartements/Appartement_%C3%A0_Assilah_51739569.htm
Appartements à vendre à Tanger – Marjane Route de Rabat,,"Appartements dans Tanger, Marjane",,3 chambres,1 sdb,https://www.avito.ma/fr/marjane/appartements/Appartements_%C3%A0_vendre_%C3%A0_Tanger___Marjane_Route_de_Rabat_56812750.htm
Appartement neuf haut standing,650000,"Appartements dans Dar Bouazza, Toute la ville",66 m²,2 chambres,2 sdbs,https://www.avito.ma/fr/dar_bouazza/appartements/Appartement_neuf_haut_standing_56888994.htm
Appartement à vendre avec subvention,580000,"Appartements dans Kénitra, El Haouzia",,2 chambres,2 sdbs,https://www.avito.ma/fr/el_haouzia/appartements/Appartement_%C3%A0_vendre_avec_subvention_57132219.htm
Superbe appartement à vendre à Tanger,650000,"Appartements dans Tanger, El Majd",,3 chambres,1 sdb,https://www.avito.ma/fr/el_majd/appartements/Superbe_appartement_%C3%A0_vendre_%C3%A0_Tanger_56817635.htm
Appartement 117m² à Les Princesses,1430000,"Appartements dans Casablanca, Les Princesses",117 m²,2 chambres,2 sdbs,https://www.avito.ma/fr/les_princesses/appartements/Appartement_117m%C2%B2_%C3%A0_Les_Princesses_57770344.htm
Appartement à vendre sur Hay Riad,4300000,"Appartements dans Rabat, Hay Riad",210 m²,3 chambres,3 sdbs,https://www.avito.ma/fr/hay_riad/appartements/Appartement_%C3%A0_vendre_sur_Hay_Riad_57760408.htm
Studio à vendre 52 m² à Californie,1100000,"Appartements dans Casablanca, Californie",58 m²,1 chambre,1 sdb,https://www.avito.ma/fr/californie/appartements/Studio_%C3%A0_vendre_52_m%C2%B2_%C3%A0_Californie_56564882.htm
Superbe studio au Quartier du Parc,830000,"Appartements dans Mohammedia, Quartier du Parc",65 m²,1 chambre,1 sdb,https://www.avito.ma/fr/quartier_du_parc/appartements/Superbe_studio_au_Quartier_du_Parc_57191208.htm
Magnifique Appartement à vendre hay Tilila,,"Appartements dans Agadir, Tilila",,2 chambres,2 sdbs,https://www.avito.ma/fr/tilila/appartements/Magnifique_Appartement_%C3%A0_vendre_hay_Tilila_57600937.htm
Moderne Appartement de 226 m² à Vendre,,"Appartements dans Tanger, Du Golf",moderne appartement de 226 m² à vendre,4 chambres,4 sdbs,https://www.avito.ma/fr/du_golf/appartements/Moderne_Appartement_de_226_m%C2%B2_%C3%A0_Vendre_56779050.htm
Appartement meublé piscine Haut standing,1200000,"Appartements dans Marrakech, Mabrouka",70 m²,2 chambres,2 sdbs,https://www.avito.ma/fr/mabrouka/appartements/Appartement_meubl%C3%A9_piscine_Haut_standing_57415945.htm
DUPLEX À VENDRE,,"Appartements dans Mohammedia, Autre secteur",195 m²,3 chambres,2 sdbs,https://www.avito.ma/fr/autre_secteur/appartements/DUPLEX_%C3%80_VENDRE_57716812.htm
Studio 47m Maarif Proche Twin Center,1080000,"Appartements dans Casablanca, Maarif",47 m²,1 chambre,1 sdb,https://www.avito.ma/fr/maarif/appartements/Studio_47m_Maarif_Proche_Twin_Center_57508882.htm
Appartement à vendre 111 m² à Marrakech,2600000,"Appartements dans Marrakech, Guéliz",appartement à vendre 111 m² à marrakech,2 chambres,2 sdbs,https://www.avito.ma/fr/gu%C3%A9liz/appartements/Appartement_%C3%A0_vendre_111_m%C2%B2_%C3%A0_Marrakech_57757647.htm
STUDIO 67 M² RÉNOVÉ À BOURGOGNE OUEST,1100000,"Appartements dans Casablanca, Bourgogne",67 m²,1 chambre,1 sdb,https://www.avito.ma/fr/bourgogne/appartements/STUDIO_67_M%C2%B2_R%C3%89NOV%C3%89_%C3%80_BOURGOGNE_OUEST_57626024.htm
Offre d'un appartement à vendre près de la nouvelle gare routière de Tanger,460000,"Appartements dans Tanger, Autre secteur",,2 chambres,1 sdb,https://www.avito.ma/fr/autre_secteur/appartements/Offre_d_un_appartement_%C3%A0_vendre_pr%C3%A8s_de_la_nouvelle_gare_routi%C3%A8re_de_Tanger_56270061.htm
Appartement à vendre 95m² à Tanger,,"Appartements dans Tanger, manar",95 m²,2 chambres,2 sdbs,https://www.avito.ma/fr/manar/appartements/Appartement_%C3%A0_vendre_95m%C2%B2_%C3%A0_Tanger_55403148.htm
Appartement spacieux à vendre à Casabarata Tanger,1590000,"Appartements dans Tanger, Casabarata",,3 chambres,1 sdb,https://www.avito.ma/fr/casabarata/appartements/Appartement_spacieux_%C3%A0_vendre_%C3%A0_Casabarata_Tanger_57638497.htm
Appartement 3 Chambres à Vendre à Beauséjour,1200000,"Appartements dans Casablanca, Beauséjour",,3 chambres,2 sdbs,https://www.avito.ma/fr/beaus%C3%A9jour/appartements/Appartement_3_Chambres_%C3%A0_Vendre_%C3%A0_Beaus%C3%A9jour_57725752.htm
Duplex Unique dans Résidence de Prestige à Vendre,,"Appartements dans Tanger, Du Golf",317 m²,3 chambres,3 sdbs,https://www.avito.ma/fr/du_golf/appartements/Duplex_Unique_dans_R%C3%A9sidence_de_Prestige_%C3%A0_Vendre_56767837.htm
Appartement à vendre à Belbachir Moudjahidin,580000,"Appartements dans Tanger, Moujahidine",,2 chambres,1 sdb,https://www.avito.ma/fr/moujahidine/appartements/Appartement_%C3%A0_vendre_%C3%A0_Belbachir_Moudjahidin_57316130.htm
Rare Opportunité 478 m² en Vente au Cœur de Tanger,7400000,"Appartements dans Tanger, Mozart",478 m²,5 chambres,4 sdbs,https://www.avito.ma/fr/mozart/appartements/Rare_Opportunit%C3%A9_478_m%C2%B2_en_Vente_au_C_ur_de_Tanger_56965712.htm
appartement à vendre à Hassan,3500000,"Appartements dans Rabat, Hassan",,3 chambres,3 sdbs,https://www.avito.ma/fr/hassan/appartements/appartement_%C3%A0_vendre_%C3%A0_Hassan_57819305.htm
Appartement À Vendre Aux derniers etages Vue Mer,2925000,"Appartements dans Mohammedia, Centre Ville",117 m²,2 chambres,2 sdbs,https://www.avito.ma/fr/centre_ville/appartements/Appartement_%C3%80_Vendre_Aux_derniers_etages_Vue_Mer_57834631.htm
Appartement au rez de chaussée Argana,1200000,"Appartements dans Essaouira, Argana",,2 chambres,1 sdb,https://www.avito.ma/fr/argana/appartements/Appartement_au_rez_de_chauss%C3%A9e_Argana_57699033.htm
Appartements à vendre Al Firdaws,260000,"Appartements dans Ain Aouda, Toute la ville",56 m²,2 chambres,1 sdb,https://www.avito.ma/fr/ain_aouda/appartements/Appartements_%C3%A0_vendre_Al_Firdaws_57753624.htm
Appart 96 m2 Mandarona à côté Bd Al qods,960000,"Appartements dans Casablanca, Aïn Chock",95 m²,2 chambres,1 sdb,https://www.avito.ma/fr/a%C3%AFn_chock/appartements/Appart_96_m2_Mandarona_%C3%A0_c%C3%B4t%C3%A9_Bd_Al_qods_56368025.htm
Appartement Neuf 3 Chambres avec Grande Terrasse,1800000,"Appartements dans Marrakech, Route de Casablanca",131 m²,3 chambres,2 sdbs,https://www.avito.ma/fr/route_de_casablanca/appartements/Appartement_Neuf_3_Chambres_avec_Grande_Terrasse_54926500.htm
Appart. 3 ch Safa Mandarona à coté Bd al qods,760000,"Appartements dans Marrakech, Annakhil",,3 chambres,1 sdb,https://www.avito.ma/fr/annakhil/appartements/Appart__3_ch_Safa_Mandarona_%C3%A0_cot%C3%A9_Bd_al_qods_56370469.htm
Appartement R+2 Cipari // Hay Mstar,1120000,"Appartements dans El Jadida, Autre secteur",135 m²,3 chambres,1 sdb,https://www.avito.ma/fr/autre_secteur/appartements/Appartement_R_2_Cipari____Hay_Mstar_57692894.htm
Appartement 3 chambres à 2min de Casanearshore,780000,"Appartements dans Casablanca, Sidi Maarouf",70 m²,3 chambres,1 sdb,https://www.avito.ma/fr/sidi_maarouf/appartements/Appartement_3_chambres_%C3%A0_2min_de_Casanearshore_57828086.htm
Appartement à rénover avec fort potentiel - Maarif,1350000,"Appartements dans Casablanca, Maarif",85 m²,2 chambres,1 sdb,https://www.avito.ma/fr/maarif/appartements/Appartement_%C3%A0_r%C3%A9nover_avec_fort_potentiel___Maarif_57701910.htm
